Time,Header.seq,Header.stamp.secs,Header.stamp.nsecs,Header.frame_id,Latitude,Longitude,Altitude,HDOP,Fix_quality,UTM_easting,UTM_northing,UTC,Zone,Letter
1677018486.1001644,3,222806,0,GPS1_Frame,42.30801773071289,-71.10733795166016,26.799999237060547,0.6800000071525574,4,326315.78125,4686126.5,222806.0,19,T
1677018487.1207435,4,222807,0,GPS1_Frame,42.30801773071289,-71.10733795166016,26.799999237060547,0.75,4,326315.78125,4686126.5,222807.0,19,T
1677018488.0947816,5,222808,0,GPS1_Frame,42.30801773071289,-71.10733795166016,26.799999237060547,0.7799999713897705,4,326315.78125,4686126.5,222808.0,19,T
1677018489.1247785,6,222809,0,GPS1_Frame,42.30801773071289,-71.10733795166016,26.799999237060547,0.7300000190734863,4,326315.78125,4686126.5,222809.0,19,T
1677018490.0953262,7,222810,0,GPS1_Frame,42.30801773071289,-71.10733795166016,26.700000762939453,0.7300000190734863,4,326315.78125,4686126.5,222810.0,19,T
1677018491.1219676,8,222811,0,GPS1_Frame,42.30801773071289,-71.10733795166016,26.799999237060547,0.7300000190734863,4,326315.78125,4686126.5,222811.0,19,T
1677018492.0986838,9,222812,0,GPS1_Frame,42.30801773071289,-71.10733795166016,26.700000762939453,0.7300000190734863,4,326315.78125,4686126.5,222812.0,19,T
1677018493.1353343,10,222813,0,GPS1_Frame,42.30801773071289,-71.10733795166016,26.700000762939453,0.7300000190734863,4,326315.78125,4686126.5,222813.0,19,T
1677018494.0966127,11,222814,0,GPS1_Frame,42.30801773071289,-71.10733795166016,26.799999237060547,0.7799999713897705,4,326315.78125,4686126.5,222814.0,19,T
1677018495.131282,12,222815,0,GPS1_Frame,42.30801773071289,-71.10733795166016,26.799999237060547,0.7300000190734863,4,326315.78125,4686126.5,222815.0,19,T
1677018496.0980332,13,222816,0,GPS1_Frame,42.30801773071289,-71.10733795166016,26.700000762939453,0.7300000190734863,4,326315.78125,4686126.5,222816.0,19,T
1677018497.1269066,14,222817,0,GPS1_Frame,42.30801773071289,-71.10733795166016,26.799999237060547,0.7300000190734863,4,326315.78125,4686126.5,222817.0,19,T
1677018498.0935004,15,222818,0,GPS1_Frame,42.30801773071289,-71.10733795166016,26.799999237060547,0.7300000190734863,4,326315.78125,4686126.5,222818.0,19,T
1677018499.1216433,16,222819,0,GPS1_Frame,42.30801773071289,-71.10733795166016,26.799999237060547,0.7300000190734863,4,326315.78125,4686126.5,222819.0,19,T
1677018500.0978107,17,222820,0,GPS1_Frame,42.30801773071289,-71.10733795166016,26.799999237060547,0.7799999713897705,4,326315.78125,4686126.5,222820.0,19,T
1677018501.1228495,18,222821,0,GPS1_Frame,42.30801773071289,-71.10733795166016,26.799999237060547,0.6700000166893005,4,326315.78125,4686126.5,222821.0,19,T
1677018502.0978062,19,222822,0,GPS1_Frame,42.30801773071289,-71.10733795166016,26.799999237060547,0.7300000190734863,4,326315.78125,4686126.5,222822.0,19,T
1677018503.1261632,20,222823,0,GPS1_Frame,42.30801773071289,-71.10733795166016,26.700000762939453,0.6800000071525574,4,326315.78125,4686126.5,222823.0,19,T
1677018504.1007533,21,222824,0,GPS1_Frame,42.30801773071289,-71.10733795166016,26.700000762939453,0.6800000071525574,4,326315.78125,4686126.5,222824.0,19,T
1677018505.1166437,22,222825,0,GPS1_Frame,42.30801773071289,-71.10733795166016,26.700000762939453,0.6399999856948853,4,326315.78125,4686126.5,222825.0,19,T
1677018506.093822,23,222826,0,GPS1_Frame,42.30801773071289,-71.10733795166016,26.700000762939453,0.6800000071525574,4,326315.78125,4686126.5,222826.0,19,T
1677018507.1127086,24,222827,0,GPS1_Frame,42.30801773071289,-71.10733795166016,26.700000762939453,0.6800000071525574,4,326315.78125,4686126.5,222827.0,19,T
1677018508.0976803,25,222828,0,GPS1_Frame,42.30801773071289,-71.10733795166016,26.700000762939453,0.6800000071525574,4,326315.78125,4686126.5,222828.0,19,T
1677018509.1096883,26,222829,0,GPS1_Frame,42.30801773071289,-71.10733795166016,26.700000762939453,0.6800000071525574,4,326315.8125,4686126.5,222829.0,19,T
1677018510.100711,27,222830,0,GPS1_Frame,42.30801773071289,-71.10733795166016,26.700000762939453,0.6800000071525574,4,326315.8125,4686126.5,222830.0,19,T
1677018511.1155894,28,222831,0,GPS1_Frame,42.30801773071289,-71.10733795166016,26.700000762939453,0.6800000071525574,4,326315.78125,4686126.5,222831.0,19,T
1677018512.0968022,29,222832,0,GPS1_Frame,42.30801773071289,-71.10733795166016,26.700000762939453,0.6800000071525574,4,326315.78125,4686126.5,222832.0,19,T
1677018513.1118348,30,222833,0,GPS1_Frame,42.30801773071289,-71.10733795166016,26.700000762939453,0.6399999856948853,4,326315.78125,4686126.5,222833.0,19,T
1677018514.0964828,31,222834,0,GPS1_Frame,42.30801773071289,-71.10733795166016,26.700000762939453,0.6399999856948853,4,326315.78125,4686126.5,222834.0,19,T
1677018515.1226537,32,222835,0,GPS1_Frame,42.30801773071289,-71.10733795166016,26.700000762939453,0.6700000166893005,4,326315.78125,4686126.5,222835.0,19,T
1677018516.101659,33,222836,0,GPS1_Frame,42.30801773071289,-71.10733795166016,26.700000762939453,0.6700000166893005,4,326315.78125,4686126.5,222836.0,19,T
1677018517.1286995,34,222837,0,GPS1_Frame,42.30801773071289,-71.10733795166016,26.700000762939453,0.7599999904632568,4,326315.8125,4686126.5,222837.0,19,T
1677018518.1008,35,222838,0,GPS1_Frame,42.30801773071289,-71.10733795166016,26.799999237060547,0.7300000190734863,4,326315.8125,4686126.5,222838.0,19,T
1677018519.1217558,36,222839,0,GPS1_Frame,42.30801773071289,-71.10733795166016,26.799999237060547,0.6399999856948853,4,326315.78125,4686126.5,222839.0,19,T
1677018520.0977223,37,222840,0,GPS1_Frame,42.30801773071289,-71.10733795166016,26.700000762939453,0.6800000071525574,4,326315.78125,4686126.5,222840.0,19,T
1677018521.1257203,38,222841,0,GPS1_Frame,42.30801773071289,-71.10733795166016,26.700000762939453,0.7099999785423279,4,326315.78125,4686126.5,222841.0,19,T
1677018522.0967453,39,222842,0,GPS1_Frame,42.30801773071289,-71.10733795166016,26.700000762939453,0.6700000166893005,4,326315.8125,4686126.5,222842.0,19,T
1677018523.117574,40,222843,0,GPS1_Frame,42.30801773071289,-71.10733795166016,26.700000762939453,0.6399999856948853,4,326315.78125,4686126.5,222843.0,19,T
1677018524.1007137,41,222844,0,GPS1_Frame,42.30801773071289,-71.10733795166016,26.700000762939453,0.6800000071525574,4,326315.8125,4686126.5,222844.0,19,T
1677018525.12879,42,222845,0,GPS1_Frame,42.30801773071289,-71.10733795166016,26.700000762939453,0.7099999785423279,4,326315.78125,4686126.5,222845.0,19,T
1677018526.1048625,43,222846,0,GPS1_Frame,42.30801773071289,-71.10733795166016,26.700000762939453,0.6700000166893005,4,326315.8125,4686126.5,222846.0,19,T
1677018527.132736,44,222847,0,GPS1_Frame,42.30801773071289,-71.10733795166016,26.700000762939453,0.6700000166893005,4,326315.8125,4686126.5,222847.0,19,T
1677018528.1060228,45,222848,0,GPS1_Frame,42.30801773071289,-71.10733795166016,26.700000762939453,0.6700000166893005,4,326315.78125,4686126.5,222848.0,19,T
1677018529.131652,46,222849,0,GPS1_Frame,42.30801773071289,-71.10733795166016,26.700000762939453,0.7099999785423279,4,326315.78125,4686126.5,222849.0,19,T
1677018530.1016927,47,222850,0,GPS1_Frame,42.30801773071289,-71.10733795166016,26.700000762939453,0.6700000166893005,4,326315.8125,4686126.5,222850.0,19,T
1677018531.1298134,48,222851,0,GPS1_Frame,42.30801773071289,-71.10733795166016,26.700000762939453,0.6700000166893005,4,326315.8125,4686126.5,222851.0,19,T
1677018532.092615,49,222852,0,GPS1_Frame,42.30801773071289,-71.10733795166016,26.799999237060547,0.6700000166893005,4,326315.8125,4686126.5,222852.0,19,T
1677018533.1245568,50,222853,0,GPS1_Frame,42.30801773071289,-71.10733795166016,26.799999237060547,0.7099999785423279,4,326315.8125,4686126.5,222853.0,19,T
1677018534.1017146,51,222854,0,GPS1_Frame,42.30801773071289,-71.10733795166016,26.799999237060547,0.7099999785423279,4,326315.8125,4686126.5,222854.0,19,T
1677018535.126664,52,222855,0,GPS1_Frame,42.30801773071289,-71.10733795166016,26.700000762939453,0.6700000166893005,4,326315.8125,4686126.5,222855.0,19,T
1677018536.0956135,53,222856,0,GPS1_Frame,42.30801773071289,-71.10733795166016,26.700000762939453,0.6700000166893005,4,326315.8125,4686126.5,222856.0,19,T
1677018537.12372,54,222857,0,GPS1_Frame,42.30801773071289,-71.10733795166016,26.799999237060547,0.6700000166893005,4,326315.8125,4686126.5,222857.0,19,T
1677018538.100714,55,222858,0,GPS1_Frame,42.30801773071289,-71.10733795166016,26.799999237060547,0.6700000166893005,4,326315.8125,4686126.5,222858.0,19,T
1677018539.1226656,56,222859,0,GPS1_Frame,42.30801773071289,-71.10733795166016,26.799999237060547,0.7099999785423279,4,326315.8125,4686126.5,222859.0,19,T
1677018540.098709,57,222900,0,GPS1_Frame,42.30801773071289,-71.10733795166016,26.799999237060547,0.7099999785423279,4,326315.8125,4686126.5,222900.0,19,T
1677018541.1155286,58,222901,0,GPS1_Frame,42.30801773071289,-71.10733795166016,26.799999237060547,0.7099999785423279,4,326315.8125,4686126.5,222901.0,19,T
1677018542.0950105,59,222902,0,GPS1_Frame,42.30801773071289,-71.10733795166016,26.700000762939453,0.7099999785423279,4,326315.8125,4686126.5,222902.0,19,T
1677018543.1254954,60,222903,0,GPS1_Frame,42.30801773071289,-71.10733795166016,26.700000762939453,0.6800000071525574,4,326315.8125,4686126.5,222903.0,19,T
1677018544.096843,61,222904,0,GPS1_Frame,42.30801773071289,-71.10733795166016,26.700000762939453,0.6800000071525574,4,326315.8125,4686126.5,222904.0,19,T
1677018545.1064975,62,222905,0,GPS1_Frame,42.30801773071289,-71.10733795166016,26.700000762939453,0.6800000071525574,4,326315.8125,4686126.5,222905.0,19,T
1677018546.0969415,63,222906,0,GPS1_Frame,42.30801773071289,-71.10733795166016,26.700000762939453,0.6800000071525574,4,326315.8125,4686126.5,222906.0,19,T
1677018547.117616,64,222907,0,GPS1_Frame,42.30801773071289,-71.10733795166016,26.700000762939453,0.6800000071525574,4,326315.8125,4686126.5,222907.0,19,T
1677018548.0946634,65,222908,0,GPS1_Frame,42.30801773071289,-71.10733795166016,26.700000762939453,0.6800000071525574,4,326315.8125,4686126.5,222908.0,19,T
1677018549.117511,66,222909,0,GPS1_Frame,42.30801773071289,-71.10733795166016,26.700000762939453,0.6800000071525574,4,326315.8125,4686126.5,222909.0,19,T
1677018550.0948424,67,222910,0,GPS1_Frame,42.30801773071289,-71.10733795166016,26.700000762939453,0.6800000071525574,4,326315.8125,4686126.5,222910.0,19,T
1677018551.1103554,68,222911,0,GPS1_Frame,42.30801773071289,-71.10733795166016,26.799999237060547,0.6800000071525574,4,326315.78125,4686126.5,222911.0,19,T
1677018552.1007462,69,222912,0,GPS1_Frame,42.30801773071289,-71.10733795166016,26.799999237060547,0.6800000071525574,4,326315.8125,4686126.5,222912.0,19,T
1677018553.110758,70,222913,0,GPS1_Frame,42.30801773071289,-71.10733795166016,26.700000762939453,0.6800000071525574,4,326315.8125,4686126.5,222913.0,19,T
1677018554.0967503,71,222914,0,GPS1_Frame,42.30801773071289,-71.10733795166016,26.700000762939453,0.6800000071525574,4,326315.8125,4686126.5,222914.0,19,T
1677018555.1185205,72,222915,0,GPS1_Frame,42.30801773071289,-71.10733795166016,26.700000762939453,0.6800000071525574,4,326315.8125,4686126.5,222915.0,19,T
1677018556.098729,73,222916,0,GPS1_Frame,42.30801773071289,-71.10733795166016,26.700000762939453,0.6399999856948853,4,326315.8125,4686126.5,222916.0,19,T
1677018557.1144698,74,222917,0,GPS1_Frame,42.30801773071289,-71.10733795166016,26.799999237060547,0.6800000071525574,4,326315.8125,4686126.5,222917.0,19,T
1677018558.1005223,75,222918,0,GPS1_Frame,42.30801773071289,-71.10733795166016,26.700000762939453,0.6800000071525574,4,326315.78125,4686126.5,222918.0,19,T
1677018559.125398,76,222919,0,GPS1_Frame,42.30801773071289,-71.10733795166016,26.700000762939453,0.7099999785423279,4,326315.78125,4686126.5,222919.0,19,T
1677018560.0954142,77,222920,0,GPS1_Frame,42.30801773071289,-71.10733795166016,26.700000762939453,0.7099999785423279,4,326315.8125,4686126.5,222920.0,19,T
1677018561.12568,78,222921,0,GPS1_Frame,42.30801773071289,-71.10733795166016,26.700000762939453,0.6700000166893005,4,326315.78125,4686126.5,222921.0,19,T
1677018562.0975475,79,222922,0,GPS1_Frame,42.30801773071289,-71.10733795166016,26.700000762939453,0.7099999785423279,4,326315.8125,4686126.5,222922.0,19,T
1677018563.1274815,80,222923,0,GPS1_Frame,42.30801773071289,-71.10733795166016,26.799999237060547,0.7099999785423279,4,326315.8125,4686126.5,222923.0,19,T
1677018564.102478,81,222924,0,GPS1_Frame,42.30801773071289,-71.10733795166016,26.700000762939453,0.7099999785423279,4,326315.8125,4686126.5,222924.0,19,T
1677018565.1264868,82,222925,0,GPS1_Frame,42.30801773071289,-71.10733795166016,26.799999237060547,0.7099999785423279,4,326315.8125,4686126.5,222925.0,19,T
1677018566.0975463,83,222926,0,GPS1_Frame,42.30801773071289,-71.10733795166016,26.799999237060547,0.7099999785423279,4,326315.8125,4686126.5,222926.0,19,T
1677018567.1274636,84,222927,0,GPS1_Frame,42.30801773071289,-71.10733795166016,26.700000762939453,0.7099999785423279,4,326315.8125,4686126.5,222927.0,19,T
1677018568.0925353,85,222928,0,GPS1_Frame,42.30801773071289,-71.10733795166016,26.700000762939453,0.7099999785423279,4,326315.8125,4686126.5,222928.0,19,T
1677018569.1195,86,222929,0,GPS1_Frame,42.30801773071289,-71.10733795166016,26.700000762939453,0.7099999785423279,4,326315.8125,4686126.5,222929.0,19,T
1677018570.1067286,87,222930,0,GPS1_Frame,42.30801773071289,-71.10733795166016,26.799999237060547,0.7099999785423279,4,326315.8125,4686126.5,222930.0,19,T
1677018571.1236882,88,222931,0,GPS1_Frame,42.30801773071289,-71.10733795166016,26.799999237060547,0.8399999737739563,4,326315.8125,4686126.5,222931.0,19,T
1677018572.0984242,89,222932,0,GPS1_Frame,42.30801773071289,-71.10733795166016,26.799999237060547,0.7099999785423279,4,326315.8125,4686126.5,222932.0,19,T
1677018573.130738,90,222933,0,GPS1_Frame,42.30801773071289,-71.10733795166016,26.799999237060547,0.8399999737739563,4,326315.78125,4686126.5,222933.0,19,T
1677018574.0986776,91,222934,0,GPS1_Frame,42.30801773071289,-71.10733795166016,26.799999237060547,0.8399999737739563,4,326315.78125,4686126.5,222934.0,19,T
1677018575.126618,92,222935,0,GPS1_Frame,42.30801773071289,-71.10733795166016,26.799999237060547,0.8399999737739563,4,326315.78125,4686126.5,222935.0,19,T
1677018576.100438,93,222936,0,GPS1_Frame,42.30801773071289,-71.10733795166016,26.799999237060547,0.8399999737739563,4,326315.78125,4686126.5,222936.0,19,T
1677018577.1224382,94,222937,0,GPS1_Frame,42.30801773071289,-71.10733795166016,26.799999237060547,0.8399999737739563,4,326315.78125,4686126.5,222937.0,19,T
1677018578.0975673,95,222938,0,GPS1_Frame,42.30801773071289,-71.10733795166016,26.799999237060547,0.8399999737739563,4,326315.78125,4686126.5,222938.0,19,T
1677018579.1215148,96,222939,0,GPS1_Frame,42.30801773071289,-71.10733795166016,26.700000762939453,0.8399999737739563,4,326315.78125,4686126.5,222939.0,19,T
1677018580.1025145,97,222940,0,GPS1_Frame,42.30801773071289,-71.10733795166016,26.799999237060547,0.8399999737739563,4,326315.78125,4686126.5,222940.0,19,T
1677018581.129401,98,222941,0,GPS1_Frame,42.30801773071289,-71.10733795166016,26.700000762939453,0.8399999737739563,4,326315.78125,4686126.5,222941.0,19,T
1677018582.0996714,99,222942,0,GPS1_Frame,42.30801773071289,-71.10733795166016,26.700000762939453,0.8399999737739563,4,326315.78125,4686126.5,222942.0,19,T
1677018583.1265042,100,222943,0,GPS1_Frame,42.30801773071289,-71.10733795166016,26.799999237060547,0.8399999737739563,4,326315.78125,4686126.5,222943.0,19,T
1677018584.0966358,101,222944,0,GPS1_Frame,42.30801773071289,-71.10733795166016,26.700000762939453,0.8700000047683716,4,326315.78125,4686126.5,222944.0,19,T
1677018585.1299858,102,222945,0,GPS1_Frame,42.30801773071289,-71.10733795166016,26.700000762939453,0.7699999809265137,4,326315.75,4686126.5,222945.0,19,T
1677018586.0919473,103,222946,0,GPS1_Frame,42.30801773071289,-71.10733795166016,26.700000762939453,0.7300000190734863,4,326315.75,4686126.5,222946.0,19,T
1677018587.1272159,104,222947,0,GPS1_Frame,42.30801773071289,-71.10733795166016,26.700000762939453,0.6700000166893005,4,326315.75,4686126.5,222947.0,19,T
1677018588.1013594,105,222948,0,GPS1_Frame,42.30801773071289,-71.10733795166016,26.700000762939453,0.7099999785423279,4,326315.75,4686126.5,222948.0,19,T
1677018589.1304188,106,222949,0,GPS1_Frame,42.30801773071289,-71.10733795166016,26.700000762939453,0.6399999856948853,4,326315.75,4686126.5,222949.0,19,T
1677018590.0955627,107,222950,0,GPS1_Frame,42.30801773071289,-71.10733795166016,26.700000762939453,0.6800000071525574,4,326315.75,4686126.5,222950.0,19,T
1677018591.1223536,108,222951,0,GPS1_Frame,42.30801773071289,-71.10733795166016,26.700000762939453,0.7300000190734863,4,326315.75,4686126.5,222951.0,19,T
1677018592.095443,109,222952,0,GPS1_Frame,42.30801773071289,-71.10733795166016,26.700000762939453,0.7300000190734863,4,326315.75,4686126.5,222952.0,19,T
1677018593.129753,110,222953,0,GPS1_Frame,42.30801773071289,-71.10733795166016,26.700000762939453,0.6800000071525574,4,326315.75,4686126.5,222953.0,19,T
1677018594.0993786,111,222954,0,GPS1_Frame,42.30801773071289,-71.10733795166016,26.700000762939453,0.6800000071525574,4,326315.75,4686126.5,222954.0,19,T
1677018595.1164577,112,222955,0,GPS1_Frame,42.30801773071289,-71.10733795166016,26.700000762939453,0.75,4,326315.75,4686126.5,222955.0,19,T
1677018596.0924978,113,222956,0,GPS1_Frame,42.30801773071289,-71.10733795166016,26.700000762939453,0.6800000071525574,4,326315.75,4686126.5,222956.0,19,T
1677018597.1264126,114,222957,0,GPS1_Frame,42.30801773071289,-71.10733795166016,26.700000762939453,0.6800000071525574,4,326315.75,4686126.5,222957.0,19,T
1677018598.093647,115,222958,0,GPS1_Frame,42.30801773071289,-71.10733795166016,26.700000762939453,0.75,4,326315.75,4686126.5,222958.0,19,T
1677018599.1263523,116,222959,0,GPS1_Frame,42.30801773071289,-71.10733795166016,26.700000762939453,0.75,4,326315.75,4686126.5,222959.0,19,T
1677018600.1004426,117,223000,0,GPS1_Frame,42.30801773071289,-71.10733795166016,26.700000762939453,0.75,4,326315.75,4686126.5,223000.0,19,T
1677018601.133577,118,223001,0,GPS1_Frame,42.30801773071289,-71.10733795166016,26.799999237060547,0.75,4,326315.78125,4686126.5,223001.0,19,T
1677018602.0992963,119,223002,0,GPS1_Frame,42.30801773071289,-71.10733795166016,26.799999237060547,0.75,4,326315.78125,4686126.5,223002.0,19,T
1677018603.1233637,120,223003,0,GPS1_Frame,42.30801773071289,-71.10733795166016,26.799999237060547,0.75,4,326315.78125,4686126.5,223003.0,19,T
1677018604.0935113,121,223004,0,GPS1_Frame,42.30801773071289,-71.10733795166016,26.799999237060547,0.75,4,326315.78125,4686126.5,223004.0,19,T
1677018605.125311,122,223005,0,GPS1_Frame,42.30801773071289,-71.10733795166016,26.799999237060547,0.75,4,326315.78125,4686126.5,223005.0,19,T
1677018606.0952826,123,223006,0,GPS1_Frame,42.30801773071289,-71.10733795166016,26.799999237060547,0.75,4,326315.78125,4686126.5,223006.0,19,T
1677018607.126883,124,223007,0,GPS1_Frame,42.30801773071289,-71.10733795166016,26.799999237060547,0.75,4,326315.78125,4686126.5,223007.0,19,T
1677018608.1033137,125,223008,0,GPS1_Frame,42.30801773071289,-71.10733795166016,26.799999237060547,0.75,4,326315.78125,4686126.5,223008.0,19,T
1677018609.142636,126,223009,0,GPS1_Frame,42.30801773071289,-71.10733795166016,26.799999237060547,0.75,4,326315.78125,4686126.5,223009.0,19,T
1677018610.0973349,127,223010,0,GPS1_Frame,42.30801773071289,-71.10733795166016,26.799999237060547,0.75,4,326315.78125,4686126.5,223010.0,19,T
1677018611.1504822,128,223011,0,GPS1_Frame,42.30801773071289,-71.10733795166016,26.799999237060547,0.75,4,326315.78125,4686126.5,223011.0,19,T
1677018612.100317,129,223012,0,GPS1_Frame,42.30801773071289,-71.10733795166016,26.799999237060547,0.75,4,326315.78125,4686126.5,223012.0,19,T
1677018613.1193376,130,223013,0,GPS1_Frame,42.30801773071289,-71.10733795166016,26.799999237060547,0.75,4,326315.78125,4686126.5,223013.0,19,T
1677018614.0964959,131,223014,0,GPS1_Frame,42.30801773071289,-71.10733795166016,26.799999237060547,0.8999999761581421,4,326315.78125,4686126.5,223014.0,19,T
1677018615.130399,132,223015,0,GPS1_Frame,42.30801773071289,-71.10733795166016,26.799999237060547,0.8399999737739563,4,326315.78125,4686126.5,223015.0,19,T
1677018616.0973856,133,223016,0,GPS1_Frame,42.30801773071289,-71.10733795166016,26.799999237060547,0.8399999737739563,4,326315.78125,4686126.5,223016.0,19,T
1677018617.1254466,134,223017,0,GPS1_Frame,42.30801773071289,-71.10733795166016,26.799999237060547,0.8399999737739563,4,326315.78125,4686126.5,223017.0,19,T
1677018618.098288,135,223018,0,GPS1_Frame,42.30801773071289,-71.10733795166016,26.799999237060547,0.8399999737739563,4,326315.78125,4686126.5,223018.0,19,T
1677018619.126303,136,223019,0,GPS1_Frame,42.30801773071289,-71.10733795166016,26.799999237060547,0.8399999737739563,4,326315.78125,4686126.5,223019.0,19,T
1677018620.0984228,137,223020,0,GPS1_Frame,42.30801773071289,-71.10733795166016,26.799999237060547,0.8399999737739563,4,326315.78125,4686126.5,223020.0,19,T
1677018621.128368,138,223021,0,GPS1_Frame,42.30801773071289,-71.10733795166016,26.799999237060547,0.8999999761581421,4,326315.78125,4686126.5,223021.0,19,T
1677018622.0944483,139,223022,0,GPS1_Frame,42.30801773071289,-71.10733795166016,26.799999237060547,0.8999999761581421,4,326315.78125,4686126.5,223022.0,19,T
1677018623.1265666,140,223023,0,GPS1_Frame,42.30801773071289,-71.10733795166016,26.799999237060547,0.8399999737739563,4,326315.78125,4686126.5,223023.0,19,T
1677018624.098324,141,223024,0,GPS1_Frame,42.30801773071289,-71.10733795166016,26.799999237060547,0.8399999737739563,4,326315.78125,4686126.5,223024.0,19,T
1677018625.1254947,142,223025,0,GPS1_Frame,42.30801773071289,-71.10733795166016,26.799999237060547,0.8399999737739563,4,326315.78125,4686126.5,223025.0,19,T
1677018626.0963764,143,223026,0,GPS1_Frame,42.30801773071289,-71.10733795166016,26.799999237060547,0.8399999737739563,4,326315.78125,4686126.5,223026.0,19,T
1677018627.1253726,144,223027,0,GPS1_Frame,42.30801773071289,-71.10733795166016,26.799999237060547,0.7300000190734863,4,326315.78125,4686126.5,223027.0,19,T
1677018628.098784,145,223028,0,GPS1_Frame,42.30801773071289,-71.10733795166016,26.799999237060547,0.7300000190734863,4,326315.78125,4686126.5,223028.0,19,T
1677018629.1262517,146,223029,0,GPS1_Frame,42.30801773071289,-71.10733795166016,26.799999237060547,0.7300000190734863,4,326315.78125,4686126.5,223029.0,19,T
1677018630.0989597,147,223030,0,GPS1_Frame,42.30801773071289,-71.10733795166016,26.799999237060547,0.7300000190734863,4,326315.78125,4686126.5,223030.0,19,T
1677018631.119313,148,223031,0,GPS1_Frame,42.30801773071289,-71.10733795166016,26.799999237060547,0.7300000190734863,4,326315.78125,4686126.5,223031.0,19,T
1677018632.096356,149,223032,0,GPS1_Frame,42.30801773071289,-71.10733795166016,26.700000762939453,0.7300000190734863,4,326315.78125,4686126.5,223032.0,19,T
1677018633.1293416,150,223033,0,GPS1_Frame,42.30801773071289,-71.10733795166016,26.700000762939453,0.7300000190734863,4,326315.78125,4686126.5,223033.0,19,T
1677018634.0982718,151,223034,0,GPS1_Frame,42.30801773071289,-71.10733795166016,26.700000762939453,0.7300000190734863,4,326315.78125,4686126.5,223034.0,19,T
1677018635.1263268,152,223035,0,GPS1_Frame,42.30801773071289,-71.10733795166016,26.700000762939453,0.7300000190734863,4,326315.78125,4686126.5,223035.0,19,T
1677018636.0994244,153,223036,0,GPS1_Frame,42.30801773071289,-71.10733795166016,26.799999237060547,0.7300000190734863,4,326315.78125,4686126.5,223036.0,19,T
1677018637.1323004,154,223037,0,GPS1_Frame,42.30801773071289,-71.10733795166016,26.799999237060547,0.7300000190734863,4,326315.78125,4686126.5,223037.0,19,T
1677018638.099461,155,223038,0,GPS1_Frame,42.30801773071289,-71.10733795166016,26.799999237060547,0.7300000190734863,4,326315.78125,4686126.5,223038.0,19,T
1677018639.1272962,156,223039,0,GPS1_Frame,42.30801773071289,-71.10733795166016,26.799999237060547,0.7300000190734863,4,326315.78125,4686126.5,223039.0,19,T
1677018640.0963032,157,223040,0,GPS1_Frame,42.30801773071289,-71.10733795166016,26.799999237060547,0.7300000190734863,4,326315.78125,4686126.5,223040.0,19,T
1677018641.130138,158,223041,0,GPS1_Frame,42.30801773071289,-71.10733795166016,26.799999237060547,0.7300000190734863,4,326315.78125,4686126.5,223041.0,19,T
1677018642.1033897,159,223042,0,GPS1_Frame,42.30801773071289,-71.10733795166016,26.799999237060547,0.7300000190734863,4,326315.78125,4686126.5,223042.0,19,T
1677018643.126317,160,223043,0,GPS1_Frame,42.30801773071289,-71.10733795166016,26.799999237060547,0.7300000190734863,4,326315.78125,4686126.5,223043.0,19,T
1677018644.097313,161,223044,0,GPS1_Frame,42.30801773071289,-71.10733795166016,26.799999237060547,0.7300000190734863,4,326315.78125,4686126.5,223044.0,19,T
1677018645.1262898,162,223045,0,GPS1_Frame,42.30801773071289,-71.10733795166016,26.799999237060547,0.7300000190734863,4,326315.78125,4686126.5,223045.0,19,T
1677018646.1032627,163,223046,0,GPS1_Frame,42.30801773071289,-71.10733795166016,26.700000762939453,0.7300000190734863,4,326315.78125,4686126.5,223046.0,19,T
1677018647.1253498,164,223047,0,GPS1_Frame,42.30801773071289,-71.10733795166016,26.700000762939453,0.7300000190734863,4,326315.78125,4686126.5,223047.0,19,T
1677018648.099312,165,223048,0,GPS1_Frame,42.30801773071289,-71.10733795166016,26.799999237060547,0.7300000190734863,4,326315.78125,4686126.5,223048.0,19,T
1677018649.1288188,166,223049,0,GPS1_Frame,42.30801773071289,-71.10733795166016,26.799999237060547,0.7300000190734863,4,326315.78125,4686126.5,223049.0,19,T
1677018650.0981386,167,223050,0,GPS1_Frame,42.30801773071289,-71.10733795166016,26.799999237060547,0.7300000190734863,4,326315.78125,4686126.5,223050.0,19,T
1677018651.1282673,168,223051,0,GPS1_Frame,42.30801773071289,-71.10733795166016,26.799999237060547,0.7300000190734863,4,326315.78125,4686126.5,223051.0,19,T
1677018652.104384,169,223052,0,GPS1_Frame,42.30801773071289,-71.10733795166016,26.799999237060547,0.6700000166893005,4,326315.78125,4686126.5,223052.0,19,T
1677018653.1291697,170,223053,0,GPS1_Frame,42.30801773071289,-71.10733795166016,26.799999237060547,0.6700000166893005,4,326315.78125,4686126.5,223053.0,19,T
1677018654.101307,171,223054,0,GPS1_Frame,42.30801773071289,-71.10733795166016,26.799999237060547,0.6700000166893005,4,326315.78125,4686126.5,223054.0,19,T
1677018655.1263134,172,223055,0,GPS1_Frame,42.30801773071289,-71.10733795166016,26.799999237060547,0.6700000166893005,4,326315.78125,4686126.5,223055.0,19,T
1677018656.094748,173,223056,0,GPS1_Frame,42.30801773071289,-71.10733795166016,26.700000762939453,0.6700000166893005,4,326315.78125,4686126.5,223056.0,19,T
1677018657.1222353,174,223057,0,GPS1_Frame,42.30801773071289,-71.10733795166016,26.799999237060547,0.6700000166893005,4,326315.78125,4686126.5,223057.0,19,T
1677018658.0941482,175,223058,0,GPS1_Frame,42.30801773071289,-71.10733795166016,26.799999237060547,0.6700000166893005,4,326315.78125,4686126.5,223058.0,19,T
1677018659.122308,176,223059,0,GPS1_Frame,42.30801773071289,-71.10733795166016,26.799999237060547,0.6700000166893005,4,326315.78125,4686126.5,223059.0,19,T
1677018660.0982547,177,223100,0,GPS1_Frame,42.30801773071289,-71.10733795166016,26.799999237060547,0.6700000166893005,4,326315.78125,4686126.5,223100.0,19,T
1677018661.1253064,178,223101,0,GPS1_Frame,42.30801773071289,-71.10733795166016,26.799999237060547,0.6700000166893005,4,326315.78125,4686126.5,223101.0,19,T
1677018662.09626,179,223102,0,GPS1_Frame,42.30801773071289,-71.10733795166016,26.700000762939453,0.6700000166893005,4,326315.78125,4686126.5,223102.0,19,T
1677018663.1323688,180,223103,0,GPS1_Frame,42.30801773071289,-71.10733795166016,26.700000762939453,0.6700000166893005,4,326315.78125,4686126.5,223103.0,19,T
1677018664.0973969,181,223104,0,GPS1_Frame,42.30801773071289,-71.10733795166016,26.799999237060547,0.6700000166893005,4,326315.78125,4686126.5,223104.0,19,T
1677018665.1281507,182,223105,0,GPS1_Frame,42.30801773071289,-71.10733795166016,26.799999237060547,0.6700000166893005,4,326315.78125,4686126.5,223105.0,19,T
1677018666.1041431,183,223106,0,GPS1_Frame,42.30801773071289,-71.10733795166016,26.799999237060547,0.6700000166893005,4,326315.78125,4686126.5,223106.0,19,T
1677018667.1242507,184,223107,0,GPS1_Frame,42.30801773071289,-71.10733795166016,26.799999237060547,0.6399999856948853,4,326315.78125,4686126.5,223107.0,19,T
1677018668.0972126,185,223108,0,GPS1_Frame,42.30801773071289,-71.10733795166016,26.799999237060547,0.6700000166893005,4,326315.78125,4686126.5,223108.0,19,T
1677018669.1282547,186,223109,0,GPS1_Frame,42.30801773071289,-71.10733795166016,26.799999237060547,0.6700000166893005,4,326315.78125,4686126.5,223109.0,19,T
1677018670.101125,187,223110,0,GPS1_Frame,42.30801773071289,-71.10733795166016,26.799999237060547,0.6700000166893005,4,326315.78125,4686126.5,223110.0,19,T
1677018671.127169,188,223111,0,GPS1_Frame,42.30801773071289,-71.10733795166016,26.799999237060547,0.6499999761581421,4,326315.78125,4686126.5,223111.0,19,T
1677018672.1011815,189,223112,0,GPS1_Frame,42.30801773071289,-71.10733795166016,26.799999237060547,0.6499999761581421,4,326315.78125,4686126.5,223112.0,19,T
1677018673.131218,190,223113,0,GPS1_Frame,42.30801773071289,-71.10733795166016,26.799999237060547,0.6499999761581421,4,326315.78125,4686126.5,223113.0,19,T
1677018674.1012528,191,223114,0,GPS1_Frame,42.30801773071289,-71.10733795166016,26.799999237060547,0.6499999761581421,4,326315.78125,4686126.5,223114.0,19,T
1677018675.1332119,192,223115,0,GPS1_Frame,42.30801773071289,-71.10733795166016,26.799999237060547,0.6499999761581421,4,326315.78125,4686126.5,223115.0,19,T
1677018676.0979185,193,223116,0,GPS1_Frame,42.30801773071289,-71.10733795166016,26.799999237060547,0.6200000047683716,4,326315.78125,4686126.5,223116.0,19,T
1677018677.1281815,194,223117,0,GPS1_Frame,42.30801773071289,-71.10733795166016,26.799999237060547,0.6200000047683716,4,326315.78125,4686126.5,223117.0,19,T
1677018678.1010733,195,223118,0,GPS1_Frame,42.30801773071289,-71.10733795166016,26.799999237060547,0.6200000047683716,4,326315.78125,4686126.5,223118.0,19,T
1677018679.133278,196,223119,0,GPS1_Frame,42.30801773071289,-71.10733795166016,26.799999237060547,0.6200000047683716,4,326315.78125,4686126.5,223119.0,19,T
1677018680.0982225,197,223120,0,GPS1_Frame,42.30801773071289,-71.10733795166016,26.799999237060547,0.6200000047683716,4,326315.78125,4686126.5,223120.0,19,T
1677018681.1252778,198,223121,0,GPS1_Frame,42.30801773071289,-71.10733795166016,26.799999237060547,0.6200000047683716,4,326315.78125,4686126.5,223121.0,19,T
1677018682.0989969,199,223122,0,GPS1_Frame,42.30801773071289,-71.10733795166016,26.799999237060547,0.6200000047683716,4,326315.78125,4686126.5,223122.0,19,T
1677018683.1312473,200,223123,0,GPS1_Frame,42.30801773071289,-71.10733795166016,26.799999237060547,0.6200000047683716,4,326315.78125,4686126.5,223123.0,19,T
1677018684.1012387,201,223124,0,GPS1_Frame,42.30801773071289,-71.10733795166016,26.799999237060547,0.6399999856948853,4,326315.78125,4686126.5,223124.0,19,T
1677018685.1212714,202,223125,0,GPS1_Frame,42.30801773071289,-71.10733795166016,26.799999237060547,0.6399999856948853,4,326315.78125,4686126.5,223125.0,19,T
1677018686.0972025,203,223126,0,GPS1_Frame,42.30801773071289,-71.10733795166016,26.799999237060547,0.6399999856948853,4,326315.78125,4686126.5,223126.0,19,T
1677018687.1270025,204,223127,0,GPS1_Frame,42.30801773071289,-71.10733795166016,26.799999237060547,0.6399999856948853,4,326315.78125,4686126.5,223127.0,19,T
1677018688.1011198,205,223128,0,GPS1_Frame,42.30801773071289,-71.10733795166016,26.799999237060547,0.6399999856948853,4,326315.78125,4686126.5,223128.0,19,T
1677018689.1263285,206,223129,0,GPS1_Frame,42.30801773071289,-71.10733795166016,26.799999237060547,0.6399999856948853,4,326315.78125,4686126.5,223129.0,19,T
1677018690.102265,207,223130,0,GPS1_Frame,42.30801773071289,-71.10733795166016,26.799999237060547,0.6399999856948853,4,326315.78125,4686126.5,223130.0,19,T
1677018691.1332679,208,223131,0,GPS1_Frame,42.30801773071289,-71.10733795166016,26.799999237060547,0.6800000071525574,4,326315.78125,4686126.5,223131.0,19,T
1677018692.1051729,209,223132,0,GPS1_Frame,42.30801773071289,-71.10733795166016,26.799999237060547,0.6800000071525574,4,326315.78125,4686126.5,223132.0,19,T
1677018693.1279798,210,223133,0,GPS1_Frame,42.30801773071289,-71.10733795166016,26.799999237060547,0.6800000071525574,4,326315.78125,4686126.5,223133.0,19,T
1677018694.0971966,211,223134,0,GPS1_Frame,42.30801773071289,-71.10733795166016,26.799999237060547,0.6800000071525574,4,326315.78125,4686126.5,223134.0,19,T
1677018695.1251457,212,223135,0,GPS1_Frame,42.30801773071289,-71.10733795166016,26.799999237060547,0.6800000071525574,4,326315.78125,4686126.5,223135.0,19,T
1677018696.1011047,213,223136,0,GPS1_Frame,42.30801773071289,-71.10733795166016,26.799999237060547,0.6800000071525574,4,326315.78125,4686126.5,223136.0,19,T
1677018697.1282709,214,223137,0,GPS1_Frame,42.30801773071289,-71.10733795166016,26.799999237060547,0.6800000071525574,4,326315.78125,4686126.5,223137.0,19,T
1677018698.1050918,215,223138,0,GPS1_Frame,42.30801773071289,-71.10733795166016,26.799999237060547,0.6800000071525574,4,326315.78125,4686126.5,223138.0,19,T
1677018699.1281319,216,223139,0,GPS1_Frame,42.30801773071289,-71.10733795166016,26.799999237060547,0.6800000071525574,4,326315.78125,4686126.5,223139.0,19,T
1677018700.101963,217,223140,0,GPS1_Frame,42.30801773071289,-71.10733795166016,26.799999237060547,0.6399999856948853,4,326315.78125,4686126.5,223140.0,19,T
1677018701.1281004,218,223141,0,GPS1_Frame,42.30801773071289,-71.10733795166016,26.799999237060547,0.6399999856948853,4,326315.78125,4686126.5,223141.0,19,T
1677018702.0991023,219,223142,0,GPS1_Frame,42.30801773071289,-71.10733795166016,26.799999237060547,0.6399999856948853,4,326315.78125,4686126.5,223142.0,19,T
1677018703.1210024,220,223143,0,GPS1_Frame,42.30801773071289,-71.10733795166016,26.799999237060547,0.6399999856948853,4,326315.78125,4686126.5,223143.0,19,T
1677018704.0969691,221,223144,0,GPS1_Frame,42.30801773071289,-71.10733795166016,26.799999237060547,0.6399999856948853,4,326315.78125,4686126.5,223144.0,19,T
1677018705.1311533,222,223145,0,GPS1_Frame,42.30801773071289,-71.10733795166016,26.799999237060547,0.6800000071525574,4,326315.78125,4686126.5,223145.0,19,T
1677018706.098966,223,223146,0,GPS1_Frame,42.30801773071289,-71.10733795166016,26.799999237060547,0.6800000071525574,4,326315.78125,4686126.5,223146.0,19,T
1677018707.123954,224,223147,0,GPS1_Frame,42.30801773071289,-71.10733795166016,26.799999237060547,0.7099999785423279,4,326315.78125,4686126.5,223147.0,19,T
1677018708.100199,225,223148,0,GPS1_Frame,42.30801773071289,-71.10733795166016,26.799999237060547,0.7099999785423279,4,326315.78125,4686126.5,223148.0,19,T
1677018709.1261377,226,223149,0,GPS1_Frame,42.30801773071289,-71.10733795166016,26.799999237060547,0.6800000071525574,4,326315.78125,4686126.5,223149.0,19,T
1677018710.1022954,227,223150,0,GPS1_Frame,42.30801773071289,-71.10733795166016,26.799999237060547,0.6800000071525574,4,326315.78125,4686126.5,223150.0,19,T
1677018711.1368175,228,223151,0,GPS1_Frame,42.30801773071289,-71.10733795166016,26.799999237060547,0.6800000071525574,4,326315.78125,4686126.5,223151.0,19,T
1677018712.094105,229,223152,0,GPS1_Frame,42.30801773071289,-71.10733795166016,26.799999237060547,0.6800000071525574,4,326315.78125,4686126.5,223152.0,19,T
1677018713.1229677,230,223153,0,GPS1_Frame,42.30801773071289,-71.10733795166016,26.799999237060547,0.6800000071525574,4,326315.78125,4686126.5,223153.0,19,T
1677018714.1021104,231,223154,0,GPS1_Frame,42.30801773071289,-71.10733795166016,26.799999237060547,0.6800000071525574,4,326315.78125,4686126.5,223154.0,19,T
1677018715.127146,232,223155,0,GPS1_Frame,42.30801773071289,-71.10733795166016,26.799999237060547,0.6800000071525574,4,326315.78125,4686126.5,223155.0,19,T
1677018716.1062238,233,223156,0,GPS1_Frame,42.30801773071289,-71.10733795166016,26.799999237060547,0.6399999856948853,4,326315.78125,4686126.5,223156.0,19,T
1677018717.1295404,234,223157,0,GPS1_Frame,42.30801773071289,-71.10733795166016,26.799999237060547,0.6399999856948853,4,326315.78125,4686126.5,223157.0,19,T
1677018718.101921,235,223158,0,GPS1_Frame,42.30801773071289,-71.10733795166016,26.799999237060547,0.6399999856948853,4,326315.78125,4686126.5,223158.0,19,T
1677018719.123965,236,223159,0,GPS1_Frame,42.30801773071289,-71.10733795166016,26.799999237060547,0.6399999856948853,4,326315.78125,4686126.5,223159.0,19,T
1677018720.0988734,237,223200,0,GPS1_Frame,42.30801773071289,-71.10733795166016,26.799999237060547,0.6399999856948853,4,326315.78125,4686126.5,223200.0,19,T
1677018721.107992,238,223201,0,GPS1_Frame,42.30801773071289,-71.10733795166016,26.799999237060547,0.6399999856948853,4,326315.78125,4686126.5,223201.0,19,T
1677018722.0988736,239,223202,0,GPS1_Frame,42.30801773071289,-71.10733795166016,26.799999237060547,0.6399999856948853,4,326315.78125,4686126.5,223202.0,19,T
1677018723.128025,240,223203,0,GPS1_Frame,42.30801773071289,-71.10733795166016,26.799999237060547,0.6800000071525574,4,326315.78125,4686126.5,223203.0,19,T
1677018724.0970526,241,223204,0,GPS1_Frame,42.30801773071289,-71.10733795166016,26.799999237060547,0.6800000071525574,4,326315.78125,4686126.5,223204.0,19,T
1677018725.1259587,242,223205,0,GPS1_Frame,42.30801773071289,-71.10733795166016,26.799999237060547,0.6399999856948853,4,326315.78125,4686126.5,223205.0,19,T
1677018726.10199,243,223206,0,GPS1_Frame,42.30801773071289,-71.10733795166016,26.799999237060547,0.6399999856948853,4,326315.78125,4686126.5,223206.0,19,T
1677018727.1239674,244,223207,0,GPS1_Frame,42.30801773071289,-71.10733795166016,26.799999237060547,0.6800000071525574,4,326315.78125,4686126.5,223207.0,19,T
1677018728.1009421,245,223208,0,GPS1_Frame,42.30801773071289,-71.10733795166016,26.799999237060547,0.6399999856948853,4,326315.78125,4686126.5,223208.0,19,T
1677018729.1186173,246,223209,0,GPS1_Frame,42.30801773071289,-71.10733795166016,26.799999237060547,0.6800000071525574,4,326315.78125,4686126.5,223209.0,19,T
1677018730.0959806,247,223210,0,GPS1_Frame,42.30801773071289,-71.10733795166016,26.799999237060547,0.7400000095367432,4,326315.78125,4686126.5,223210.0,19,T
1677018731.1339,248,223211,0,GPS1_Frame,42.30801773071289,-71.10733795166016,26.799999237060547,0.6800000071525574,4,326315.78125,4686126.5,223211.0,19,T
1677018732.0990894,249,223212,0,GPS1_Frame,42.30801773071289,-71.10733795166016,26.799999237060547,0.6399999856948853,4,326315.78125,4686126.5,223212.0,19,T
1677018733.1263638,250,223213,0,GPS1_Frame,42.30801773071289,-71.10733795166016,26.799999237060547,0.6700000166893005,4,326315.78125,4686126.5,223213.0,19,T
1677018734.097918,251,223214,0,GPS1_Frame,42.30801773071289,-71.10733795166016,26.799999237060547,0.6700000166893005,4,326315.78125,4686126.5,223214.0,19,T
1677018735.1230068,252,223215,0,GPS1_Frame,42.30801773071289,-71.10733795166016,26.799999237060547,0.6700000166893005,4,326315.78125,4686126.5,223215.0,19,T
1677018736.0979292,253,223216,0,GPS1_Frame,42.30801773071289,-71.10733795166016,26.799999237060547,0.6700000166893005,4,326315.78125,4686126.5,223216.0,19,T
1677018737.1281514,254,223217,0,GPS1_Frame,42.30801773071289,-71.10733795166016,26.799999237060547,0.7300000190734863,4,326315.78125,4686126.5,223217.0,19,T
1677018738.0980966,255,223218,0,GPS1_Frame,42.30801773071289,-71.10733795166016,26.799999237060547,0.7300000190734863,4,326315.78125,4686126.5,223218.0,19,T
1677018739.1189559,256,223219,0,GPS1_Frame,42.30801773071289,-71.10733795166016,26.799999237060547,0.7300000190734863,4,326315.78125,4686126.5,223219.0,19,T
1677018740.100791,257,223220,0,GPS1_Frame,42.30801773071289,-71.10733795166016,26.799999237060547,0.7300000190734863,4,326315.78125,4686126.5,223220.0,19,T
1677018741.127523,258,223221,0,GPS1_Frame,42.30801773071289,-71.10733795166016,26.799999237060547,0.7300000190734863,4,326315.78125,4686126.5,223221.0,19,T
1677018742.1030087,259,223222,0,GPS1_Frame,42.30801773071289,-71.10733795166016,26.700000762939453,0.7300000190734863,4,326315.78125,4686126.5,223222.0,19,T
1677018743.1249301,260,223223,0,GPS1_Frame,42.30801773071289,-71.10733795166016,26.700000762939453,0.7300000190734863,4,326315.78125,4686126.5,223223.0,19,T
1677018744.1030133,261,223224,0,GPS1_Frame,42.30801773071289,-71.10733795166016,26.700000762939453,0.7300000190734863,4,326315.78125,4686126.5,223224.0,19,T
1677018745.1330435,262,223225,0,GPS1_Frame,42.30801773071289,-71.10733795166016,26.700000762939453,0.7300000190734863,4,326315.78125,4686126.5,223225.0,19,T
1677018746.1021225,263,223226,0,GPS1_Frame,42.30801773071289,-71.10733795166016,26.700000762939453,0.7300000190734863,4,326315.78125,4686126.5,223226.0,19,T
1677018747.1289291,264,223227,0,GPS1_Frame,42.30801773071289,-71.10733795166016,26.700000762939453,0.6800000071525574,4,326315.78125,4686126.5,223227.0,19,T
1677018748.098085,265,223228,0,GPS1_Frame,42.30801773071289,-71.10733795166016,26.700000762939453,0.6800000071525574,4,326315.78125,4686126.5,223228.0,19,T
1677018749.1222441,266,223229,0,GPS1_Frame,42.30801773071289,-71.10733795166016,26.700000762939453,0.6399999856948853,4,326315.78125,4686126.5,223229.0,19,T
1677018750.1026654,267,223230,0,GPS1_Frame,42.30801773071289,-71.10733795166016,26.700000762939453,0.6800000071525574,4,326315.78125,4686126.5,223230.0,19,T
1677018751.1247065,268,223231,0,GPS1_Frame,42.30801773071289,-71.10733795166016,26.799999237060547,0.6800000071525574,4,326315.78125,4686126.5,223231.0,19,T
1677018752.096872,269,223232,0,GPS1_Frame,42.30801773071289,-71.10733795166016,26.799999237060547,0.6399999856948853,4,326315.78125,4686126.5,223232.0,19,T
1677018753.1247494,270,223233,0,GPS1_Frame,42.30801773071289,-71.10733795166016,26.700000762939453,0.7400000095367432,4,326315.78125,4686126.5,223233.0,19,T
1677018754.0973155,271,223234,0,GPS1_Frame,42.30801773071289,-71.10733795166016,26.700000762939453,0.7400000095367432,4,326315.78125,4686126.5,223234.0,19,T
1677018755.1229208,272,223235,0,GPS1_Frame,42.30801773071289,-71.10733795166016,26.700000762939453,0.7300000190734863,4,326315.78125,4686126.5,223235.0,19,T
1677018756.1021006,273,223236,0,GPS1_Frame,42.30801773071289,-71.10733795166016,26.700000762939453,0.7300000190734863,4,326315.78125,4686126.5,223236.0,19,T
1677018757.1179764,274,223237,0,GPS1_Frame,42.30801773071289,-71.10733795166016,26.799999237060547,0.6800000071525574,4,326315.78125,4686126.5,223237.0,19,T
1677018758.1027308,275,223238,0,GPS1_Frame,42.30801773071289,-71.10733795166016,26.799999237060547,0.6800000071525574,4,326315.78125,4686126.5,223238.0,19,T
1677018759.1288915,276,223239,0,GPS1_Frame,42.30801773071289,-71.10733795166016,26.799999237060547,0.6800000071525574,4,326315.78125,4686126.5,223239.0,19,T
1677018760.0979993,277,223240,0,GPS1_Frame,42.30801773071289,-71.10733795166016,26.799999237060547,0.6800000071525574,4,326315.78125,4686126.5,223240.0,19,T
1677018761.1257434,278,223241,0,GPS1_Frame,42.30801773071289,-71.10733795166016,26.799999237060547,0.6800000071525574,4,326315.78125,4686126.5,223241.0,19,T
1677018762.0989766,279,223242,0,GPS1_Frame,42.30801773071289,-71.10733795166016,26.799999237060547,0.7300000190734863,4,326315.78125,4686126.5,223242.0,19,T
1677018763.124615,280,223243,0,GPS1_Frame,42.30801773071289,-71.10733795166016,26.799999237060547,0.7300000190734863,4,326315.78125,4686126.5,223243.0,19,T
1677018764.1000385,281,223244,0,GPS1_Frame,42.30801773071289,-71.10733795166016,26.799999237060547,0.7300000190734863,4,326315.78125,4686126.5,223244.0,19,T
1677018765.12829,282,223245,0,GPS1_Frame,42.30801773071289,-71.10733795166016,26.799999237060547,0.7300000190734863,4,326315.78125,4686126.5,223245.0,19,T
1677018766.0938919,283,223246,0,GPS1_Frame,42.30801773071289,-71.10733795166016,26.799999237060547,0.7300000190734863,4,326315.78125,4686126.5,223246.0,19,T
1677018767.1227987,284,223247,0,GPS1_Frame,42.30801773071289,-71.10733795166016,26.799999237060547,0.7300000190734863,4,326315.78125,4686126.5,223247.0,19,T
1677018768.101863,285,223248,0,GPS1_Frame,42.30801773071289,-71.10733795166016,26.799999237060547,0.7300000190734863,4,326315.78125,4686126.5,223248.0,19,T
1677018769.1256993,286,223249,0,GPS1_Frame,42.30801773071289,-71.10733795166016,26.799999237060547,0.7300000190734863,4,326315.78125,4686126.5,223249.0,19,T
1677018770.0986946,287,223250,0,GPS1_Frame,42.30801773071289,-71.10733795166016,26.799999237060547,0.7300000190734863,4,326315.78125,4686126.5,223250.0,19,T
1677018771.1254363,288,223251,0,GPS1_Frame,42.30801773071289,-71.10733795166016,26.799999237060547,0.7300000190734863,4,326315.78125,4686126.5,223251.0,19,T
1677018772.0987668,289,223252,0,GPS1_Frame,42.30801773071289,-71.10733795166016,26.700000762939453,0.7300000190734863,4,326315.78125,4686126.5,223252.0,19,T
1677018773.1276987,290,223253,0,GPS1_Frame,42.30801773071289,-71.10733795166016,26.700000762939453,0.7300000190734863,4,326315.78125,4686126.5,223253.0,19,T
1677018774.1048589,291,223254,0,GPS1_Frame,42.30801773071289,-71.10733795166016,26.700000762939453,0.6800000071525574,4,326315.78125,4686126.5,223254.0,19,T
1677018775.1108396,292,223255,0,GPS1_Frame,42.30801773071289,-71.10733795166016,26.700000762939453,0.6399999856948853,4,326315.78125,4686126.5,223255.0,19,T
1677018776.100781,293,223256,0,GPS1_Frame,42.30801773071289,-71.10733795166016,26.799999237060547,0.6399999856948853,4,326315.78125,4686126.5,223256.0,19,T
1677018777.1297972,294,223257,0,GPS1_Frame,42.30801773071289,-71.10733795166016,26.799999237060547,0.6800000071525574,4,326315.78125,4686126.5,223257.0,19,T
1677018778.1080797,295,223258,0,GPS1_Frame,42.30801773071289,-71.10733795166016,26.799999237060547,0.6800000071525574,4,326315.78125,4686126.5,223258.0,19,T
1677018779.1177814,296,223259,0,GPS1_Frame,42.30801773071289,-71.10733795166016,26.700000762939453,0.6399999856948853,4,326315.78125,4686126.5,223259.0,19,T
1677018780.1037576,297,223300,0,GPS1_Frame,42.30801773071289,-71.10733795166016,26.700000762939453,0.6399999856948853,4,326315.78125,4686126.5,223300.0,19,T
1677018781.119592,298,223301,0,GPS1_Frame,42.30801773071289,-71.10733795166016,26.799999237060547,0.6399999856948853,4,326315.78125,4686126.5,223301.0,19,T
1677018782.0987031,299,223302,0,GPS1_Frame,42.30801773071289,-71.10733795166016,26.799999237060547,0.6399999856948853,4,326315.78125,4686126.5,223302.0,19,T
1677018783.1147397,300,223303,0,GPS1_Frame,42.30801773071289,-71.10733795166016,26.799999237060547,0.6399999856948853,4,326315.78125,4686126.5,223303.0,19,T
1677018784.0978315,301,223304,0,GPS1_Frame,42.30801773071289,-71.10733795166016,26.799999237060547,0.6399999856948853,4,326315.78125,4686126.5,223304.0,19,T
1677018785.1177359,302,223305,0,GPS1_Frame,42.30801773071289,-71.10733795166016,26.799999237060547,0.6399999856948853,4,326315.78125,4686126.5,223305.0,19,T
1677018786.1006894,303,223306,0,GPS1_Frame,42.30801773071289,-71.10733795166016,26.799999237060547,0.6399999856948853,4,326315.78125,4686126.5,223306.0,19,T
1677018787.1157482,304,223307,0,GPS1_Frame,42.30801773071289,-71.10733795166016,26.799999237060547,0.6800000071525574,4,326315.78125,4686126.5,223307.0,19,T
1677018788.1028664,305,223308,0,GPS1_Frame,42.30801773071289,-71.10733795166016,26.799999237060547,0.6800000071525574,4,326315.78125,4686126.5,223308.0,19,T
1677018789.1188533,306,223309,0,GPS1_Frame,42.30801773071289,-71.10733795166016,26.799999237060547,0.6600000262260437,4,326315.78125,4686126.5,223309.0,19,T
1677018790.1061726,307,223310,0,GPS1_Frame,42.30801773071289,-71.10733795166016,26.799999237060547,0.699999988079071,4,326315.78125,4686126.5,223310.0,19,T
1677018791.1326597,308,223311,0,GPS1_Frame,42.30801773071289,-71.10733795166016,26.799999237060547,0.699999988079071,4,326315.78125,4686126.5,223311.0,19,T
1677018792.1039581,309,223312,0,GPS1_Frame,42.30801773071289,-71.10733795166016,26.700000762939453,0.7900000214576721,4,326315.78125,4686126.5,223312.0,19,T
1677018793.1287448,310,223313,0,GPS1_Frame,42.30801773071289,-71.10733795166016,26.799999237060547,0.7400000095367432,4,326315.78125,4686126.5,223313.0,19,T
1677018794.1048503,311,223314,0,GPS1_Frame,42.30801773071289,-71.10733795166016,26.799999237060547,0.6800000071525574,4,326315.78125,4686126.5,223314.0,19,T
1677018795.1356952,312,223315,0,GPS1_Frame,42.30801773071289,-71.10733795166016,26.799999237060547,0.7400000095367432,4,326315.78125,4686126.5,223315.0,19,T
1677018796.103814,313,223316,0,GPS1_Frame,42.30801773071289,-71.10733795166016,26.799999237060547,0.7699999809265137,4,326315.75,4686126.5,223316.0,19,T
1677018797.1279035,314,223317,0,GPS1_Frame,42.30801773071289,-71.10733795166016,26.799999237060547,0.7699999809265137,4,326315.75,4686126.5,223317.0,19,T
1677018798.1047173,315,223318,0,GPS1_Frame,42.30801773071289,-71.10733795166016,26.799999237060547,0.699999988079071,4,326315.75,4686126.5,223318.0,19,T
1677018799.1396859,316,223319,0,GPS1_Frame,42.30801773071289,-71.10733795166016,26.799999237060547,0.7699999809265137,4,326315.75,4686126.5,223319.0,19,T
1677018800.100648,317,223320,0,GPS1_Frame,42.30801773071289,-71.10733795166016,26.799999237060547,0.7699999809265137,4,326315.75,4686126.5,223320.0,19,T
1677018801.135719,318,223321,0,GPS1_Frame,42.30801773071289,-71.10733795166016,26.799999237060547,0.7400000095367432,4,326315.75,4686126.5,223321.0,19,T
1677018802.0999334,319,223322,0,GPS1_Frame,42.30801773071289,-71.10733795166016,26.799999237060547,0.7400000095367432,4,326315.75,4686126.5,223322.0,19,T
1677018803.126878,320,223323,0,GPS1_Frame,42.30801773071289,-71.10733795166016,26.799999237060547,0.7400000095367432,4,326315.78125,4686126.5,223323.0,19,T
1677018804.1027162,321,223324,0,GPS1_Frame,42.30801773071289,-71.10733795166016,26.799999237060547,0.7400000095367432,4,326315.78125,4686126.5,223324.0,19,T
1677018805.137778,322,223325,0,GPS1_Frame,42.30801773071289,-71.10733795166016,26.700000762939453,0.6800000071525574,4,326315.78125,4686126.5,223325.0,19,T
1677018806.1071517,323,223326,0,GPS1_Frame,42.30801773071289,-71.10733795166016,26.799999237060547,0.6800000071525574,4,326315.78125,4686126.5,223326.0,19,T
1677018807.1327255,324,223327,0,GPS1_Frame,42.30801773071289,-71.10733795166016,26.799999237060547,0.7400000095367432,4,326315.78125,4686126.5,223327.0,19,T
1677018808.103745,325,223328,0,GPS1_Frame,42.30801773071289,-71.10733795166016,26.799999237060547,0.7400000095367432,4,326315.78125,4686126.5,223328.0,19,T
1677018809.1340907,326,223329,0,GPS1_Frame,42.30801773071289,-71.10733795166016,26.799999237060547,0.7400000095367432,4,326315.78125,4686126.5,223329.0,19,T
1677018810.1079519,327,223330,0,GPS1_Frame,42.30801773071289,-71.10733795166016,26.799999237060547,0.7400000095367432,4,326315.78125,4686126.5,223330.0,19,T
1677018811.1162345,328,223331,0,GPS1_Frame,42.30801773071289,-71.10733795166016,26.799999237060547,0.7400000095367432,4,326315.75,4686126.5,223331.0,19,T
1677018812.1026475,329,223332,0,GPS1_Frame,42.30801773071289,-71.10733795166016,26.799999237060547,0.7400000095367432,4,326315.75,4686126.5,223332.0,19,T
1677018813.119595,330,223333,0,GPS1_Frame,42.30801773071289,-71.10733795166016,26.799999237060547,0.7400000095367432,4,326315.78125,4686126.5,223333.0,19,T
1677018814.1007285,331,223334,0,GPS1_Frame,42.30801773071289,-71.10733795166016,26.799999237060547,0.7400000095367432,4,326315.78125,4686126.5,223334.0,19,T
1677018815.1157126,332,223335,0,GPS1_Frame,42.30801773071289,-71.10733795166016,26.799999237060547,0.7400000095367432,4,326315.78125,4686126.5,223335.0,19,T
1677018816.1045237,333,223336,0,GPS1_Frame,42.30801773071289,-71.10733795166016,26.799999237060547,0.7300000190734863,4,326315.78125,4686126.5,223336.0,19,T
1677018817.1206927,334,223337,0,GPS1_Frame,42.30801773071289,-71.10733795166016,26.799999237060547,0.8399999737739563,4,326315.78125,4686126.5,223337.0,19,T
1677018818.103837,335,223338,0,GPS1_Frame,42.30801773071289,-71.10733795166016,26.799999237060547,0.8399999737739563,4,326315.78125,4686126.5,223338.0,19,T
1677018819.1319811,336,223339,0,GPS1_Frame,42.30801773071289,-71.10733795166016,26.799999237060547,0.8399999737739563,4,326315.78125,4686126.5,223339.0,19,T
1677018820.1070797,337,223340,0,GPS1_Frame,42.30801773071289,-71.10733795166016,26.799999237060547,0.8399999737739563,4,326315.78125,4686126.5,223340.0,19,T
1677018821.1386888,338,223341,0,GPS1_Frame,42.30801773071289,-71.10733795166016,26.799999237060547,0.8399999737739563,4,326315.75,4686126.5,223341.0,19,T
1677018822.1085355,339,223342,0,GPS1_Frame,42.30801773071289,-71.10733795166016,26.799999237060547,0.8399999737739563,4,326315.78125,4686126.5,223342.0,19,T
1677018823.1385584,340,223343,0,GPS1_Frame,42.30801773071289,-71.10733795166016,26.799999237060547,0.8399999737739563,4,326315.78125,4686126.5,223343.0,19,T
1677018824.1047237,341,223344,0,GPS1_Frame,42.30801773071289,-71.10733795166016,26.700000762939453,0.8399999737739563,4,326315.78125,4686126.5,223344.0,19,T
1677018825.1345885,342,223345,0,GPS1_Frame,42.30801773071289,-71.10733795166016,26.700000762939453,0.8399999737739563,4,326315.78125,4686126.5,223345.0,19,T
1677018826.102112,343,223346,0,GPS1_Frame,42.30801773071289,-71.10733795166016,26.700000762939453,0.8399999737739563,4,326315.78125,4686126.5,223346.0,19,T
1677018827.1365762,344,223347,0,GPS1_Frame,42.30801773071289,-71.10733795166016,26.799999237060547,0.8399999737739563,4,326315.78125,4686126.5,223347.0,19,T
1677018828.1036124,345,223348,0,GPS1_Frame,42.30801773071289,-71.10733795166016,26.799999237060547,0.8399999737739563,4,326315.78125,4686126.5,223348.0,19,T
1677018829.1228878,346,223349,0,GPS1_Frame,42.30801773071289,-71.10733795166016,26.799999237060547,0.8399999737739563,4,326315.78125,4686126.5,223349.0,19,T
1677018830.098262,347,223350,0,GPS1_Frame,42.30801773071289,-71.10733795166016,26.799999237060547,0.8399999737739563,4,326315.78125,4686126.5,223350.0,19,T
1677018831.134732,348,223351,0,GPS1_Frame,42.30801773071289,-71.10733795166016,26.799999237060547,0.8399999737739563,4,326315.75,4686126.5,223351.0,19,T
1677018832.1036046,349,223352,0,GPS1_Frame,42.30801773071289,-71.10733795166016,26.799999237060547,0.8399999737739563,4,326315.75,4686126.5,223352.0,19,T
1677018833.1270633,350,223353,0,GPS1_Frame,42.30801773071289,-71.10733795166016,26.799999237060547,0.8399999737739563,4,326315.75,4686126.5,223353.0,19,T
1677018834.101372,351,223354,0,GPS1_Frame,42.30801773071289,-71.10733795166016,26.799999237060547,0.8399999737739563,4,326315.78125,4686126.5,223354.0,19,T
1677018835.136722,352,223355,0,GPS1_Frame,42.30801773071289,-71.10733795166016,26.799999237060547,0.8399999737739563,4,326315.78125,4686126.5,223355.0,19,T
1677018836.100594,353,223356,0,GPS1_Frame,42.30801773071289,-71.10733795166016,26.799999237060547,0.8399999737739563,4,326315.75,4686126.5,223356.0,19,T
1677018837.1275597,354,223357,0,GPS1_Frame,42.30801773071289,-71.10733795166016,26.799999237060547,0.8399999737739563,4,326315.75,4686126.5,223357.0,19,T
1677018838.100299,355,223358,0,GPS1_Frame,42.30801773071289,-71.10733795166016,26.799999237060547,0.8399999737739563,4,326315.78125,4686126.5,223358.0,19,T
1677018839.127572,356,223359,0,GPS1_Frame,42.30801773071289,-71.10733795166016,26.799999237060547,0.8399999737739563,4,326315.75,4686126.5,223359.0,19,T
1677018840.1005957,357,223400,0,GPS1_Frame,42.30801773071289,-71.10733795166016,26.799999237060547,0.8399999737739563,4,326315.78125,4686126.5,223400.0,19,T
1677018841.1345792,358,223401,0,GPS1_Frame,42.30801773071289,-71.10733795166016,26.799999237060547,0.8399999737739563,4,326315.78125,4686126.5,223401.0,19,T
1677018842.0987284,359,223402,0,GPS1_Frame,42.30801773071289,-71.10733795166016,26.799999237060547,0.8399999737739563,4,326315.75,4686126.5,223402.0,19,T
1677018843.1335597,360,223403,0,GPS1_Frame,42.30801773071289,-71.10733795166016,26.799999237060547,0.8399999737739563,4,326315.75,4686126.5,223403.0,19,T
1677018844.0994873,361,223404,0,GPS1_Frame,42.30801773071289,-71.10733795166016,26.799999237060547,0.8399999737739563,4,326315.75,4686126.5,223404.0,19,T
1677018845.1274989,362,223405,0,GPS1_Frame,42.30801773071289,-71.10733795166016,26.799999237060547,0.7400000095367432,4,326315.75,4686126.5,223405.0,19,T
1677018846.099606,363,223406,0,GPS1_Frame,42.30801773071289,-71.10733795166016,26.799999237060547,0.6800000071525574,4,326315.78125,4686126.5,223406.0,19,T
1677018847.1256268,364,223407,0,GPS1_Frame,42.30801773071289,-71.10733795166016,26.799999237060547,0.7400000095367432,4,326315.78125,4686126.5,223407.0,19,T
1677018848.0996144,365,223408,0,GPS1_Frame,42.30801773071289,-71.10733795166016,26.799999237060547,0.7400000095367432,4,326315.75,4686126.5,223408.0,19,T
1677018849.1282516,366,223409,0,GPS1_Frame,42.30801773071289,-71.10733795166016,26.799999237060547,0.7400000095367432,4,326315.75,4686126.5,223409.0,19,T
1677018850.102467,367,223410,0,GPS1_Frame,42.30801773071289,-71.10733795166016,26.799999237060547,0.6800000071525574,4,326315.75,4686126.5,223410.0,19,T
1677018851.1325836,368,223411,0,GPS1_Frame,42.30801773071289,-71.10733795166016,26.799999237060547,0.6800000071525574,4,326315.75,4686126.5,223411.0,19,T
1677018852.1075902,369,223412,0,GPS1_Frame,42.30801773071289,-71.10733795166016,26.799999237060547,0.6800000071525574,4,326315.75,4686126.5,223412.0,19,T
1677018853.1324918,370,223413,0,GPS1_Frame,42.30801773071289,-71.10733795166016,26.799999237060547,0.6800000071525574,4,326315.75,4686126.5,223413.0,19,T
1677018854.0995555,371,223414,0,GPS1_Frame,42.30801773071289,-71.10733795166016,26.799999237060547,0.6800000071525574,4,326315.75,4686126.5,223414.0,19,T
1677018855.1358933,372,223415,0,GPS1_Frame,42.30801773071289,-71.10733795166016,26.799999237060547,0.6399999856948853,4,326315.75,4686126.5,223415.0,19,T
1677018856.099461,373,223416,0,GPS1_Frame,42.30801773071289,-71.10733795166016,26.799999237060547,0.6800000071525574,4,326315.75,4686126.5,223416.0,19,T
1677018857.1324508,374,223417,0,GPS1_Frame,42.30801773071289,-71.10733795166016,26.799999237060547,0.6399999856948853,4,326315.75,4686126.5,223417.0,19,T
1677018858.1035604,375,223418,0,GPS1_Frame,42.30801773071289,-71.10733795166016,26.799999237060547,0.6399999856948853,4,326315.75,4686126.5,223418.0,19,T
1677018859.130414,376,223419,0,GPS1_Frame,42.30801773071289,-71.10733795166016,26.799999237060547,0.6399999856948853,4,326315.75,4686126.5,223419.0,19,T
1677018860.103555,377,223420,0,GPS1_Frame,42.30801773071289,-71.10733795166016,26.799999237060547,0.6399999856948853,4,326315.75,4686126.5,223420.0,19,T
1677018861.1433642,378,223421,0,GPS1_Frame,42.30801773071289,-71.10733795166016,26.799999237060547,0.6399999856948853,4,326315.75,4686126.5,223421.0,19,T
1677018862.1066995,379,223422,0,GPS1_Frame,42.30801773071289,-71.10733795166016,26.799999237060547,0.6399999856948853,4,326315.75,4686126.5,223422.0,19,T
1677018863.1374252,380,223423,0,GPS1_Frame,42.30801773071289,-71.10733795166016,26.799999237060547,0.6200000047683716,4,326315.75,4686126.5,223423.0,19,T
1677018864.1074004,381,223424,0,GPS1_Frame,42.30801773071289,-71.10733795166016,26.799999237060547,0.6399999856948853,4,326315.75,4686126.5,223424.0,19,T
1677018865.1350412,382,223425,0,GPS1_Frame,42.30801773071289,-71.10733795166016,26.799999237060547,0.6200000047683716,4,326315.78125,4686126.5,223425.0,19,T
1677018866.1043978,383,223426,0,GPS1_Frame,42.30801773071289,-71.10733795166016,26.799999237060547,0.6200000047683716,4,326315.78125,4686126.5,223426.0,19,T
1677018867.1395934,384,223427,0,GPS1_Frame,42.30801773071289,-71.10733795166016,26.799999237060547,0.6399999856948853,4,326315.75,4686126.5,223427.0,19,T
1677018868.1045065,385,223428,0,GPS1_Frame,42.30801773071289,-71.10733795166016,26.799999237060547,0.6200000047683716,4,326315.75,4686126.5,223428.0,19,T
1677018869.1274304,386,223429,0,GPS1_Frame,42.30801773071289,-71.10733795166016,26.799999237060547,0.6200000047683716,4,326315.75,4686126.5,223429.0,19,T
1677018870.1025283,387,223430,0,GPS1_Frame,42.30801773071289,-71.10733795166016,26.799999237060547,0.6200000047683716,4,326315.75,4686126.5,223430.0,19,T
1677018871.127506,388,223431,0,GPS1_Frame,42.30801773071289,-71.10733795166016,26.799999237060547,0.6399999856948853,4,326315.75,4686126.5,223431.0,19,T
1677018872.1025884,389,223432,0,GPS1_Frame,42.30801773071289,-71.10733795166016,26.799999237060547,0.6399999856948853,4,326315.75,4686126.5,223432.0,19,T
1677018873.1342943,390,223433,0,GPS1_Frame,42.30801773071289,-71.10733795166016,26.799999237060547,0.6600000262260437,4,326315.75,4686126.5,223433.0,19,T
1677018874.0954232,391,223434,0,GPS1_Frame,42.30801773071289,-71.10733795166016,26.799999237060547,0.6600000262260437,4,326315.75,4686126.5,223434.0,19,T
1677018875.127553,392,223435,0,GPS1_Frame,42.30801773071289,-71.10733795166016,26.799999237060547,0.6600000262260437,4,326315.75,4686126.5,223435.0,19,T
1677018876.0990865,393,223436,0,GPS1_Frame,42.30801773071289,-71.10733795166016,26.799999237060547,0.6600000262260437,4,326315.75,4686126.5,223436.0,19,T
1677018877.123913,394,223437,0,GPS1_Frame,42.30801773071289,-71.10733795166016,26.799999237060547,0.6600000262260437,4,326315.78125,4686126.5,223437.0,19,T
1677018878.09733,395,223438,0,GPS1_Frame,42.30801773071289,-71.10733795166016,26.799999237060547,0.6800000071525574,4,326315.75,4686126.5,223438.0,19,T
1677018879.1313205,396,223439,0,GPS1_Frame,42.30801773071289,-71.10733795166016,26.799999237060547,0.6800000071525574,4,326315.75,4686126.5,223439.0,19,T
1677018880.0982985,397,223440,0,GPS1_Frame,42.30801773071289,-71.10733795166016,26.799999237060547,0.6800000071525574,4,326315.75,4686126.5,223440.0,19,T
1677018881.1333869,398,223441,0,GPS1_Frame,42.30801773071289,-71.10733795166016,26.799999237060547,0.6899999976158142,4,326315.78125,4686126.5,223441.0,19,T
1677018882.1075752,399,223442,0,GPS1_Frame,42.30801773071289,-71.10733795166016,26.799999237060547,0.6899999976158142,4,326315.78125,4686126.5,223442.0,19,T
1677018883.128366,400,223443,0,GPS1_Frame,42.30801773071289,-71.10733795166016,26.799999237060547,0.6700000166893005,4,326315.75,4686126.5,223443.0,19,T
1677018884.098499,401,223444,0,GPS1_Frame,42.30801773071289,-71.10733795166016,26.799999237060547,0.7200000286102295,4,326315.78125,4686126.5,223444.0,19,T
1677018885.1352873,402,223445,0,GPS1_Frame,42.30801773071289,-71.10733795166016,26.799999237060547,0.6700000166893005,4,326315.78125,4686126.5,223445.0,19,T
1677018886.1059399,403,223446,0,GPS1_Frame,42.30801773071289,-71.10733795166016,26.799999237060547,0.6600000262260437,4,326315.78125,4686126.5,223446.0,19,T
1677018887.1336756,404,223447,0,GPS1_Frame,42.30801773071289,-71.10733795166016,26.799999237060547,0.6399999856948853,4,326315.75,4686126.5,223447.0,19,T
1677018888.1046107,405,223448,0,GPS1_Frame,42.30801773071289,-71.10733795166016,26.799999237060547,0.6499999761581421,4,326315.75,4686126.5,223448.0,19,T
1677018889.1277955,406,223449,0,GPS1_Frame,42.30801773071289,-71.10733795166016,26.799999237060547,0.6800000071525574,4,326315.75,4686126.5,223449.0,19,T
1677018890.0979075,407,223450,0,GPS1_Frame,42.30801773071289,-71.10733795166016,26.799999237060547,0.6700000166893005,4,326315.75,4686126.5,223450.0,19,T
1677018891.1336977,408,223451,0,GPS1_Frame,42.30801773071289,-71.10733795166016,26.799999237060547,0.6700000166893005,4,326315.75,4686126.5,223451.0,19,T
1677018892.0988386,409,223452,0,GPS1_Frame,42.30801773071289,-71.10733795166016,26.799999237060547,0.6700000166893005,4,326315.78125,4686126.5,223452.0,19,T
1677018893.1326387,410,223453,0,GPS1_Frame,42.30801773071289,-71.10733795166016,26.799999237060547,0.6499999761581421,4,326315.75,4686126.5,223453.0,19,T
1677018894.1018612,411,223454,0,GPS1_Frame,42.30801773071289,-71.10733795166016,26.799999237060547,0.6499999761581421,4,326315.75,4686126.5,223454.0,19,T
1677018895.1334996,412,223455,0,GPS1_Frame,42.30801773071289,-71.10733795166016,26.799999237060547,0.6700000166893005,4,326315.75,4686126.5,223455.0,19,T
1677018896.1077838,413,223456,0,GPS1_Frame,42.30801773071289,-71.10733795166016,26.799999237060547,0.6700000166893005,4,326315.75,4686126.5,223456.0,19,T
1677018897.1318486,414,223457,0,GPS1_Frame,42.30801773071289,-71.10733795166016,26.799999237060547,0.6700000166893005,4,326315.75,4686126.5,223457.0,19,T
1677018898.1004462,415,223458,0,GPS1_Frame,42.30801773071289,-71.10733795166016,26.799999237060547,0.6700000166893005,4,326315.75,4686126.5,223458.0,19,T
1677018899.13441,416,223459,0,GPS1_Frame,42.30801773071289,-71.10733795166016,26.799999237060547,0.6700000166893005,4,326315.75,4686126.5,223459.0,19,T
1677018900.1023753,417,223500,0,GPS1_Frame,42.30801773071289,-71.10733795166016,26.799999237060547,0.6700000166893005,4,326315.75,4686126.5,223500.0,19,T
1677018901.1157336,418,223501,0,GPS1_Frame,42.30801773071289,-71.10733795166016,26.799999237060547,0.7099999785423279,4,326315.71875,4686126.5,223501.0,19,T
1677018902.0995295,419,223502,0,GPS1_Frame,42.30801773071289,-71.10733795166016,26.799999237060547,0.7099999785423279,4,326315.71875,4686126.5,223502.0,19,T
1677018903.1353831,420,223503,0,GPS1_Frame,42.30801773071289,-71.10733795166016,26.899999618530273,0.8999999761581421,4,326315.71875,4686126.5,223503.0,19,T
1677018904.1025233,421,223504,0,GPS1_Frame,42.30801773071289,-71.10733795166016,26.799999237060547,0.699999988079071,4,326315.71875,4686126.5,223504.0,19,T
1677018905.1182618,422,223505,0,GPS1_Frame,42.30801773071289,-71.10733795166016,26.899999618530273,0.6800000071525574,4,326315.71875,4686126.5,223505.0,19,T
1677018906.1025581,423,223506,0,GPS1_Frame,42.30801773071289,-71.10733795166016,26.899999618530273,0.6800000071525574,4,326315.71875,4686126.5,223506.0,19,T
1677018907.1195188,424,223507,0,GPS1_Frame,42.30801773071289,-71.10733795166016,26.899999618530273,0.6800000071525574,4,326315.71875,4686126.5,223507.0,19,T
1677018908.104444,425,223508,0,GPS1_Frame,42.30801773071289,-71.10733795166016,26.899999618530273,0.6800000071525574,4,326315.71875,4686126.5,223508.0,19,T
1677018909.1174595,426,223509,0,GPS1_Frame,42.30801773071289,-71.10733795166016,26.799999237060547,0.699999988079071,4,326315.71875,4686126.5,223509.0,19,T
1677018910.0975645,427,223510,0,GPS1_Frame,42.30801773071289,-71.10733795166016,26.799999237060547,0.699999988079071,4,326315.71875,4686126.5,223510.0,19,T
1677018911.1183996,428,223511,0,GPS1_Frame,42.30801773071289,-71.10733795166016,26.799999237060547,0.6399999856948853,4,326315.75,4686126.5,223511.0,19,T
1677018912.1035998,429,223512,0,GPS1_Frame,42.30801773071289,-71.10733795166016,26.799999237060547,0.6399999856948853,4,326315.75,4686126.5,223512.0,19,T
1677018913.1244807,430,223513,0,GPS1_Frame,42.30801773071289,-71.10733795166016,26.799999237060547,0.6399999856948853,4,326315.75,4686126.5,223513.0,19,T
1677018914.1065657,431,223514,0,GPS1_Frame,42.30801773071289,-71.10733795166016,26.799999237060547,0.6399999856948853,4,326315.75,4686126.5,223514.0,19,T
1677018915.1224513,432,223515,0,GPS1_Frame,42.30801773071289,-71.10733795166016,26.799999237060547,0.6399999856948853,4,326315.75,4686126.5,223515.0,19,T
1677018916.1004033,433,223516,0,GPS1_Frame,42.30801773071289,-71.10733795166016,26.799999237060547,0.6399999856948853,4,326315.71875,4686126.5,223516.0,19,T
1677018917.1115115,434,223517,0,GPS1_Frame,42.30801773071289,-71.10733795166016,26.799999237060547,0.6399999856948853,4,326315.75,4686126.5,223517.0,19,T
1677018918.104501,435,223518,0,GPS1_Frame,42.30801773071289,-71.10733795166016,26.799999237060547,0.6399999856948853,4,326315.71875,4686126.5,223518.0,19,T
1677018919.1134582,436,223519,0,GPS1_Frame,42.30801773071289,-71.10733795166016,26.799999237060547,0.6399999856948853,4,326315.75,4686126.5,223519.0,19,T
1677018920.0994165,437,223520,0,GPS1_Frame,42.30801773071289,-71.10733795166016,26.799999237060547,0.6399999856948853,4,326315.71875,4686126.5,223520.0,19,T
1677018921.1194966,438,223521,0,GPS1_Frame,42.30801773071289,-71.10733795166016,26.799999237060547,0.6600000262260437,4,326315.71875,4686126.5,223521.0,19,T
1677018922.101449,439,223522,0,GPS1_Frame,42.30801773071289,-71.10733795166016,26.799999237060547,0.699999988079071,4,326315.75,4686126.5,223522.0,19,T
1677018923.13271,440,223523,0,GPS1_Frame,42.30801773071289,-71.10733795166016,26.799999237060547,0.699999988079071,4,326315.75,4686126.5,223523.0,19,T
1677018924.1076734,441,223524,0,GPS1_Frame,42.30801773071289,-71.10733795166016,26.799999237060547,0.7900000214576721,4,326315.75,4686126.5,223524.0,19,T
1677018925.1289198,442,223525,0,GPS1_Frame,42.30801773071289,-71.10733795166016,26.799999237060547,0.7400000095367432,4,326315.75,4686126.5,223525.0,19,T
1677018926.0972602,443,223526,0,GPS1_Frame,42.30801773071289,-71.10733795166016,26.799999237060547,0.7400000095367432,4,326315.75,4686126.5,223526.0,19,T
1677018927.1280658,444,223527,0,GPS1_Frame,42.30801773071289,-71.10733795166016,26.799999237060547,0.7400000095367432,4,326315.75,4686126.5,223527.0,19,T
1677018928.096378,445,223528,0,GPS1_Frame,42.30801773071289,-71.10733795166016,26.799999237060547,0.7400000095367432,4,326315.75,4686126.5,223528.0,19,T
1677018929.1263125,446,223529,0,GPS1_Frame,42.30801773071289,-71.10733795166016,26.799999237060547,0.7400000095367432,4,326315.75,4686126.5,223529.0,19,T
1677018930.0983067,447,223530,0,GPS1_Frame,42.30801773071289,-71.10733795166016,26.799999237060547,0.7400000095367432,4,326315.75,4686126.5,223530.0,19,T
1677018931.1241624,448,223531,0,GPS1_Frame,42.30801773071289,-71.10733795166016,26.799999237060547,0.7400000095367432,4,326315.75,4686126.5,223531.0,19,T
1677018932.097246,449,223532,0,GPS1_Frame,42.30801773071289,-71.10733795166016,26.799999237060547,0.7400000095367432,4,326315.75,4686126.5,223532.0,19,T
1677018933.1262715,450,223533,0,GPS1_Frame,42.30801773071289,-71.10733795166016,26.799999237060547,0.7400000095367432,4,326315.75,4686126.5,223533.0,19,T
1677018934.0991242,451,223534,0,GPS1_Frame,42.30801773071289,-71.10733795166016,26.799999237060547,0.7400000095367432,4,326315.75,4686126.5,223534.0,19,T
1677018935.141327,452,223535,0,GPS1_Frame,42.30801773071289,-71.10733795166016,26.799999237060547,0.7400000095367432,4,326315.75,4686126.5,223535.0,19,T
1677018936.1047282,453,223536,0,GPS1_Frame,42.30801773071289,-71.10733795166016,26.799999237060547,0.7400000095367432,4,326315.75,4686126.5,223536.0,19,T
1677018937.1231644,454,223537,0,GPS1_Frame,42.30801773071289,-71.10733795166016,26.799999237060547,0.7400000095367432,4,326315.75,4686126.5,223537.0,19,T
1677018938.0973804,455,223538,0,GPS1_Frame,42.30801773071289,-71.10733795166016,26.799999237060547,0.7400000095367432,4,326315.75,4686126.5,223538.0,19,T
1677018939.1292307,456,223539,0,GPS1_Frame,42.30801773071289,-71.10733795166016,26.799999237060547,0.7400000095367432,4,326315.75,4686126.5,223539.0,19,T
1677018940.1083438,457,223540,0,GPS1_Frame,42.30801773071289,-71.10733795166016,26.799999237060547,0.6800000071525574,4,326315.75,4686126.5,223540.0,19,T
1677018941.1360617,458,223541,0,GPS1_Frame,42.30801773071289,-71.10733795166016,26.799999237060547,0.6800000071525574,4,326315.75,4686126.5,223541.0,19,T
1677018942.1042883,459,223542,0,GPS1_Frame,42.30801773071289,-71.10733795166016,26.799999237060547,0.6800000071525574,4,326315.75,4686126.5,223542.0,19,T
1677018943.1272671,460,223543,0,GPS1_Frame,42.30801773071289,-71.10733795166016,26.799999237060547,0.6399999856948853,4,326315.75,4686126.5,223543.0,19,T
1677018944.10422,461,223544,0,GPS1_Frame,42.30801773071289,-71.10733795166016,26.799999237060547,0.6399999856948853,4,326315.75,4686126.5,223544.0,19,T
1677018945.1262674,462,223545,0,GPS1_Frame,42.30801773071289,-71.10733795166016,26.799999237060547,0.6800000071525574,4,326315.75,4686126.5,223545.0,19,T
1677018946.0991175,463,223546,0,GPS1_Frame,42.30801773071289,-71.10733795166016,26.799999237060547,0.6800000071525574,4,326315.75,4686126.5,223546.0,19,T
1677018947.1231256,464,223547,0,GPS1_Frame,42.30801773071289,-71.10733795166016,26.799999237060547,0.6800000071525574,4,326315.75,4686126.5,223547.0,19,T
1677018948.1051211,465,223548,0,GPS1_Frame,42.30801773071289,-71.10733795166016,26.799999237060547,0.6399999856948853,4,326315.75,4686126.5,223548.0,19,T
1677018949.120186,466,223549,0,GPS1_Frame,42.30801773071289,-71.10733795166016,26.799999237060547,0.6399999856948853,4,326315.78125,4686126.5,223549.0,19,T
1677018950.0991776,467,223550,0,GPS1_Frame,42.30801773071289,-71.10733795166016,26.799999237060547,0.6399999856948853,4,326315.75,4686126.5,223550.0,19,T
1677018951.1085103,468,223551,0,GPS1_Frame,42.30801773071289,-71.10733795166016,26.799999237060547,0.6399999856948853,4,326315.75,4686126.5,223551.0,19,T
1677018952.0992196,469,223552,0,GPS1_Frame,42.30801773071289,-71.10733795166016,26.799999237060547,0.6399999856948853,4,326315.75,4686126.5,223552.0,19,T
1677018953.1151965,470,223553,0,GPS1_Frame,42.30801773071289,-71.10733795166016,26.799999237060547,0.6399999856948853,4,326315.75,4686126.5,223553.0,19,T
1677018954.0999963,471,223554,0,GPS1_Frame,42.30801773071289,-71.10733795166016,26.799999237060547,0.6399999856948853,4,326315.75,4686126.5,223554.0,19,T
1677018955.1211212,472,223555,0,GPS1_Frame,42.30801773071289,-71.10733795166016,26.799999237060547,0.6800000071525574,4,326315.75,4686126.5,223555.0,19,T
1677018956.1011734,473,223556,0,GPS1_Frame,42.30801773071289,-71.10733795166016,26.799999237060547,0.6800000071525574,4,326315.75,4686126.5,223556.0,19,T
1677018957.1296332,474,223557,0,GPS1_Frame,42.30801773071289,-71.10733795166016,26.799999237060547,0.6800000071525574,4,326315.75,4686126.5,223557.0,19,T
1677018958.1020024,475,223558,0,GPS1_Frame,42.30801773071289,-71.10733795166016,26.799999237060547,0.6800000071525574,4,326315.75,4686126.5,223558.0,19,T
1677018959.1290786,476,223559,0,GPS1_Frame,42.30801773071289,-71.10733795166016,26.799999237060547,0.6800000071525574,4,326315.75,4686126.5,223559.0,19,T
1677018960.0992162,477,223600,0,GPS1_Frame,42.30801773071289,-71.10733795166016,26.799999237060547,0.6800000071525574,4,326315.75,4686126.5,223600.0,19,T
1677018961.1343415,478,223601,0,GPS1_Frame,42.30801773071289,-71.10733795166016,26.799999237060547,0.6800000071525574,4,326315.75,4686126.5,223601.0,19,T
1677018962.0986147,479,223602,0,GPS1_Frame,42.30801773071289,-71.10733795166016,26.799999237060547,0.6800000071525574,4,326315.75,4686126.5,223602.0,19,T
1677018963.1303732,480,223603,0,GPS1_Frame,42.30801773071289,-71.10733795166016,26.799999237060547,0.6800000071525574,4,326315.78125,4686126.5,223603.0,19,T
1677018964.097217,481,223604,0,GPS1_Frame,42.30801773071289,-71.10733795166016,26.799999237060547,0.6800000071525574,4,326315.75,4686126.5,223604.0,19,T
1677018965.121437,482,223605,0,GPS1_Frame,42.30801773071289,-71.10733795166016,26.799999237060547,0.6800000071525574,4,326315.75,4686126.5,223605.0,19,T
1677018966.1023664,483,223606,0,GPS1_Frame,42.30801773071289,-71.10733795166016,26.799999237060547,0.6800000071525574,4,326315.78125,4686126.5,223606.0,19,T
1677018967.1288176,484,223607,0,GPS1_Frame,42.30801773071289,-71.10733795166016,26.799999237060547,0.6800000071525574,4,326315.78125,4686126.5,223607.0,19,T
1677018968.0982482,485,223608,0,GPS1_Frame,42.30801773071289,-71.10733795166016,26.799999237060547,0.6800000071525574,4,326315.75,4686126.5,223608.0,19,T
1677018969.129026,486,223609,0,GPS1_Frame,42.30801773071289,-71.10733795166016,26.799999237060547,0.6800000071525574,4,326315.75,4686126.5,223609.0,19,T
1677018970.10109,487,223610,0,GPS1_Frame,42.30801773071289,-71.10733795166016,26.799999237060547,0.6800000071525574,4,326315.75,4686126.5,223610.0,19,T
1677018971.1234396,488,223611,0,GPS1_Frame,42.30801773071289,-71.10733795166016,26.799999237060547,0.6800000071525574,4,326315.78125,4686126.5,223611.0,19,T
1677018972.0984497,489,223612,0,GPS1_Frame,42.30801773071289,-71.10733795166016,26.799999237060547,0.6499999761581421,4,326315.78125,4686126.5,223612.0,19,T
1677018973.1195188,490,223613,0,GPS1_Frame,42.30801773071289,-71.10733795166016,26.799999237060547,0.6800000071525574,4,326315.75,4686126.5,223613.0,19,T
1677018974.0996099,491,223614,0,GPS1_Frame,42.30801773071289,-71.10733795166016,26.799999237060547,0.6800000071525574,4,326315.75,4686126.5,223614.0,19,T
1677018975.1337254,492,223615,0,GPS1_Frame,42.30801773071289,-71.10733795166016,26.799999237060547,0.6800000071525574,4,326315.78125,4686126.5,223615.0,19,T
1677018976.1061935,493,223616,0,GPS1_Frame,42.30801773071289,-71.10733795166016,26.799999237060547,0.6800000071525574,4,326315.78125,4686126.5,223616.0,19,T
1677018977.1304035,494,223617,0,GPS1_Frame,42.30801773071289,-71.10733795166016,26.799999237060547,0.6800000071525574,4,326315.75,4686126.5,223617.0,19,T
1677018978.105151,495,223618,0,GPS1_Frame,42.30801773071289,-71.10733795166016,26.799999237060547,0.6800000071525574,4,326315.75,4686126.5,223618.0,19,T
1677018979.1201222,496,223619,0,GPS1_Frame,42.30801773071289,-71.10733795166016,26.799999237060547,0.6800000071525574,4,326315.78125,4686126.5,223619.0,19,T
1677018980.1063402,497,223620,0,GPS1_Frame,42.30801773071289,-71.10733795166016,26.799999237060547,0.6800000071525574,4,326315.75,4686126.5,223620.0,19,T
1677018981.1123683,498,223621,0,GPS1_Frame,42.30801773071289,-71.10733795166016,26.799999237060547,0.7300000190734863,4,326315.75,4686126.5,223621.0,19,T
1677018982.100441,499,223622,0,GPS1_Frame,42.30801773071289,-71.10733795166016,26.799999237060547,0.7799999713897705,4,326315.75,4686126.5,223622.0,19,T
1677018983.1232662,500,223623,0,GPS1_Frame,42.30801773071289,-71.10733795166016,26.799999237060547,0.7799999713897705,4,326315.75,4686126.5,223623.0,19,T
1677018984.1032343,501,223624,0,GPS1_Frame,42.30801773071289,-71.10733795166016,26.799999237060547,0.7799999713897705,4,326315.75,4686126.5,223624.0,19,T
1677018985.1296399,502,223625,0,GPS1_Frame,42.30801773071289,-71.10733795166016,26.799999237060547,0.7799999713897705,4,326315.78125,4686126.5,223625.0,19,T
1677018986.0993867,503,223626,0,GPS1_Frame,42.30801773071289,-71.10733795166016,26.700000762939453,0.7400000095367432,4,326315.78125,4686126.5,223626.0,19,T
1677018987.1379588,504,223627,0,GPS1_Frame,42.30801773071289,-71.10733795166016,26.799999237060547,0.7799999713897705,4,326315.78125,4686126.5,223627.0,19,T
1677018988.1051066,505,223628,0,GPS1_Frame,42.30801773071289,-71.10733795166016,26.700000762939453,0.7400000095367432,4,326315.78125,4686126.5,223628.0,19,T
1677018989.135047,506,223629,0,GPS1_Frame,42.30801773071289,-71.10733795166016,26.799999237060547,0.7300000190734863,4,326315.75,4686126.5,223629.0,19,T
1677018990.1049638,507,223630,0,GPS1_Frame,42.30801773071289,-71.10733795166016,26.799999237060547,0.7799999713897705,4,326315.75,4686126.5,223630.0,19,T
1677018991.1230123,508,223631,0,GPS1_Frame,42.30801773071289,-71.10733795166016,26.799999237060547,0.7799999713897705,4,326315.75,4686126.5,223631.0,19,T
1677018992.0989542,509,223632,0,GPS1_Frame,42.30801773071289,-71.10733795166016,26.799999237060547,0.7799999713897705,4,326315.75,4686126.5,223632.0,19,T
1677018993.12992,510,223633,0,GPS1_Frame,42.30801773071289,-71.10733795166016,26.700000762939453,0.7300000190734863,4,326315.78125,4686126.5,223633.0,19,T
1677018994.0989065,511,223634,0,GPS1_Frame,42.30801773071289,-71.10733795166016,26.799999237060547,0.7300000190734863,4,326315.75,4686126.5,223634.0,19,T
1677018995.1290312,512,223635,0,GPS1_Frame,42.30801773071289,-71.10733795166016,26.799999237060547,0.7900000214576721,4,326315.75,4686126.5,223635.0,19,T
1677018996.1019788,513,223636,0,GPS1_Frame,42.30801773071289,-71.10733795166016,26.799999237060547,0.7900000214576721,4,326315.75,4686126.5,223636.0,19,T
1677018997.1299772,514,223637,0,GPS1_Frame,42.30801773071289,-71.10733795166016,26.799999237060547,0.7300000190734863,4,326315.75,4686126.5,223637.0,19,T
1677018998.0989335,515,223638,0,GPS1_Frame,42.30801773071289,-71.10733795166016,26.799999237060547,0.7300000190734863,4,326315.75,4686126.5,223638.0,19,T
1677018999.1279035,516,223639,0,GPS1_Frame,42.30801773071289,-71.10733795166016,26.799999237060547,0.7300000190734863,4,326315.75,4686126.5,223639.0,19,T
1677019000.0968513,517,223640,0,GPS1_Frame,42.30801773071289,-71.10733795166016,26.799999237060547,0.7300000190734863,4,326315.78125,4686126.5,223640.0,19,T
1677019001.123906,518,223641,0,GPS1_Frame,42.30801773071289,-71.10733795166016,26.799999237060547,0.7300000190734863,4,326315.78125,4686126.5,223641.0,19,T
1677019002.1029491,519,223642,0,GPS1_Frame,42.30801773071289,-71.10733795166016,26.799999237060547,0.7300000190734863,4,326315.78125,4686126.5,223642.0,19,T
1677019003.1259558,520,223643,0,GPS1_Frame,42.30801773071289,-71.10733795166016,26.799999237060547,0.7300000190734863,4,326315.78125,4686126.5,223643.0,19,T
1677019004.0976226,521,223644,0,GPS1_Frame,42.30801773071289,-71.10733795166016,26.799999237060547,0.7300000190734863,4,326315.75,4686126.5,223644.0,19,T
1677019005.1289456,522,223645,0,GPS1_Frame,42.30801773071289,-71.10733795166016,26.799999237060547,0.7300000190734863,4,326315.78125,4686126.5,223645.0,19,T
1677019006.104942,523,223646,0,GPS1_Frame,42.30801773071289,-71.10733795166016,26.799999237060547,0.699999988079071,4,326315.78125,4686126.5,223646.0,19,T
1677019007.1357985,524,223647,0,GPS1_Frame,42.30801773071289,-71.10733795166016,26.799999237060547,0.7400000095367432,4,326315.78125,4686126.5,223647.0,19,T
1677019008.1067438,525,223648,0,GPS1_Frame,42.30801773071289,-71.10733795166016,26.799999237060547,0.7400000095367432,4,326315.78125,4686126.5,223648.0,19,T
1677019009.1269271,526,223649,0,GPS1_Frame,42.30801773071289,-71.10733795166016,26.799999237060547,0.7200000286102295,4,326315.78125,4686126.5,223649.0,19,T
1677019010.1019177,527,223650,0,GPS1_Frame,42.30801773071289,-71.10733795166016,26.799999237060547,0.7400000095367432,4,326315.78125,4686126.5,223650.0,19,T
1677019011.1349502,528,223651,0,GPS1_Frame,42.30801773071289,-71.10733795166016,26.799999237060547,0.7400000095367432,4,326315.78125,4686126.5,223651.0,19,T
1677019012.103029,529,223652,0,GPS1_Frame,42.30801773071289,-71.10733795166016,26.799999237060547,0.7400000095367432,4,326315.78125,4686126.5,223652.0,19,T
1677019013.1139264,530,223653,0,GPS1_Frame,42.30801773071289,-71.10733795166016,26.799999237060547,0.699999988079071,4,326315.78125,4686126.5,223653.0,19,T
1677019014.100867,531,223654,0,GPS1_Frame,42.30801773071289,-71.10733795166016,26.799999237060547,0.699999988079071,4,326315.75,4686126.5,223654.0,19,T
1677019015.1169956,532,223655,0,GPS1_Frame,42.30801773071289,-71.10733795166016,26.799999237060547,0.7400000095367432,4,326315.75,4686126.5,223655.0,19,T
1677019016.101992,533,223656,0,GPS1_Frame,42.30801773071289,-71.10733795166016,26.799999237060547,0.7699999809265137,4,326315.78125,4686126.5,223656.0,19,T
1677019017.1278684,534,223657,0,GPS1_Frame,42.30801773071289,-71.10733795166016,26.799999237060547,0.7699999809265137,4,326315.78125,4686126.5,223657.0,19,T
1677019018.0987494,535,223658,0,GPS1_Frame,42.30801773071289,-71.10733795166016,26.799999237060547,0.7699999809265137,4,326315.78125,4686126.5,223658.0,19,T
1677019019.1349654,536,223659,0,GPS1_Frame,42.30801773071289,-71.10733795166016,26.799999237060547,0.7200000286102295,4,326315.78125,4686126.5,223659.0,19,T
1677019020.1040297,537,223700,0,GPS1_Frame,42.30801773071289,-71.10733795166016,26.799999237060547,0.7400000095367432,4,326315.78125,4686126.5,223700.0,19,T
1677019021.1287582,538,223701,0,GPS1_Frame,42.30801773071289,-71.10733795166016,26.799999237060547,0.7400000095367432,4,326315.78125,4686126.5,223701.0,19,T
1677019022.1005666,539,223702,0,GPS1_Frame,42.30801773071289,-71.10733795166016,26.799999237060547,0.7400000095367432,4,326315.78125,4686126.5,223702.0,19,T
1677019023.1260054,540,223703,0,GPS1_Frame,42.30801773071289,-71.10733795166016,26.799999237060547,0.7400000095367432,4,326315.78125,4686126.5,223703.0,19,T
1677019024.098836,541,223704,0,GPS1_Frame,42.30801773071289,-71.10733795166016,26.799999237060547,0.7400000095367432,4,326315.78125,4686126.5,223704.0,19,T
1677019025.1229088,542,223705,0,GPS1_Frame,42.30801773071289,-71.10733795166016,26.799999237060547,0.7699999809265137,4,326315.75,4686126.5,223705.0,19,T
1677019026.1018238,543,223706,0,GPS1_Frame,42.30801773071289,-71.10733795166016,26.799999237060547,0.7699999809265137,4,326315.75,4686126.5,223706.0,19,T
1677019027.1244621,544,223707,0,GPS1_Frame,42.30801773071289,-71.10733795166016,26.799999237060547,0.7699999809265137,4,326315.75,4686126.5,223707.0,19,T
1677019028.0998142,545,223708,0,GPS1_Frame,42.30801773071289,-71.10733795166016,26.799999237060547,0.7699999809265137,4,326315.75,4686126.5,223708.0,19,T
1677019029.133849,546,223709,0,GPS1_Frame,42.30801773071289,-71.10733795166016,26.799999237060547,0.7699999809265137,4,326315.75,4686126.5,223709.0,19,T
1677019030.0994592,547,223710,0,GPS1_Frame,42.30801773071289,-71.10733795166016,26.799999237060547,0.7699999809265137,4,326315.75,4686126.5,223710.0,19,T
1677019031.126039,548,223711,0,GPS1_Frame,42.30801773071289,-71.10733795166016,26.799999237060547,0.7699999809265137,4,326315.75,4686126.5,223711.0,19,T
1677019032.10335,549,223712,0,GPS1_Frame,42.30801773071289,-71.10733795166016,26.799999237060547,0.7699999809265137,4,326315.75,4686126.5,223712.0,19,T
1677019033.1288536,550,223713,0,GPS1_Frame,42.30801773071289,-71.10733795166016,26.799999237060547,0.7699999809265137,4,326315.75,4686126.5,223713.0,19,T
1677019034.0987203,551,223714,0,GPS1_Frame,42.30801773071289,-71.10733795166016,26.799999237060547,0.7699999809265137,4,326315.75,4686126.5,223714.0,19,T
1677019035.1268373,552,223715,0,GPS1_Frame,42.30801773071289,-71.10733795166016,26.799999237060547,0.7699999809265137,4,326315.75,4686126.5,223715.0,19,T
1677019036.095898,553,223716,0,GPS1_Frame,42.30801773071289,-71.10733795166016,26.799999237060547,0.7699999809265137,4,326315.75,4686126.5,223716.0,19,T
1677019037.1267366,554,223717,0,GPS1_Frame,42.30801773071289,-71.10733795166016,26.799999237060547,0.7699999809265137,4,326315.75,4686126.5,223717.0,19,T
1677019038.0988436,555,223718,0,GPS1_Frame,42.30801773071289,-71.10733795166016,26.799999237060547,0.7699999809265137,4,326315.78125,4686126.5,223718.0,19,T
1677019039.123847,556,223719,0,GPS1_Frame,42.30801773071289,-71.10733795166016,26.799999237060547,0.7699999809265137,4,326315.78125,4686126.5,223719.0,19,T
1677019040.1038551,557,223720,0,GPS1_Frame,42.30801773071289,-71.10733795166016,26.799999237060547,0.7400000095367432,4,326315.75,4686126.5,223720.0,19,T
1677019041.1227038,558,223721,0,GPS1_Frame,42.30801773071289,-71.10733795166016,26.799999237060547,0.7699999809265137,4,326315.75,4686126.5,223721.0,19,T
1677019042.0989072,559,223722,0,GPS1_Frame,42.30801773071289,-71.10733795166016,26.799999237060547,0.7699999809265137,4,326315.75,4686126.5,223722.0,19,T
1677019043.1259773,560,223723,0,GPS1_Frame,42.30801773071289,-71.10733795166016,26.799999237060547,0.7699999809265137,4,326315.75,4686126.5,223723.0,19,T
1677019044.0997345,561,223724,0,GPS1_Frame,42.30801773071289,-71.10733795166016,26.799999237060547,0.8799999952316284,4,326315.75,4686126.5,223724.0,19,T
1677019045.1237533,562,223725,0,GPS1_Frame,42.30801773071289,-71.10733795166016,26.799999237060547,0.9200000166893005,4,326315.75,4686126.5,223725.0,19,T
1677019046.0977955,563,223726,0,GPS1_Frame,42.30801773071289,-71.10733795166016,26.799999237060547,0.8799999952316284,4,326315.78125,4686126.5,223726.0,19,T
1677019047.12471,564,223727,0,GPS1_Frame,42.30801773071289,-71.10733795166016,26.799999237060547,0.8799999952316284,4,326315.75,4686126.5,223727.0,19,T
1677019048.1018717,565,223728,0,GPS1_Frame,42.30801773071289,-71.10733795166016,26.799999237060547,0.8799999952316284,4,326315.78125,4686126.5,223728.0,19,T
1677019049.1279452,566,223729,0,GPS1_Frame,42.30801773071289,-71.10733795166016,26.799999237060547,0.8799999952316284,4,326315.78125,4686126.5,223729.0,19,T
1677019050.1027265,567,223730,0,GPS1_Frame,42.30801773071289,-71.10733795166016,26.799999237060547,0.7699999809265137,4,326315.75,4686126.5,223730.0,19,T
1677019051.1357436,568,223731,0,GPS1_Frame,42.30801773071289,-71.10733795166016,26.799999237060547,0.7699999809265137,4,326315.75,4686126.5,223731.0,19,T
1677019052.099067,569,223732,0,GPS1_Frame,42.30801773071289,-71.10733795166016,26.799999237060547,0.8799999952316284,4,326315.75,4686126.5,223732.0,19,T
1677019053.12502,570,223733,0,GPS1_Frame,42.30801773071289,-71.10733795166016,26.799999237060547,0.7900000214576721,4,326315.75,4686126.5,223733.0,19,T
1677019054.1002738,571,223734,0,GPS1_Frame,42.30801773071289,-71.10733795166016,26.799999237060547,0.7300000190734863,4,326315.78125,4686126.5,223734.0,19,T
1677019055.1309147,572,223735,0,GPS1_Frame,42.30801773071289,-71.10733795166016,26.799999237060547,0.7300000190734863,4,326315.78125,4686126.5,223735.0,19,T
1677019056.1056986,573,223736,0,GPS1_Frame,42.30801773071289,-71.10733795166016,26.799999237060547,0.7300000190734863,4,326315.78125,4686126.5,223736.0,19,T
1677019057.11487,574,223737,0,GPS1_Frame,42.30801773071289,-71.10733795166016,26.799999237060547,0.7300000190734863,4,326315.75,4686126.5,223737.0,19,T
1677019058.098286,575,223738,0,GPS1_Frame,42.30801773071289,-71.10733795166016,26.799999237060547,0.7699999809265137,4,326315.78125,4686126.5,223738.0,19,T
1677019059.125724,576,223739,0,GPS1_Frame,42.30801773071289,-71.10733795166016,26.799999237060547,0.7699999809265137,4,326315.75,4686126.5,223739.0,19,T
1677019060.1018293,577,223740,0,GPS1_Frame,42.30801773071289,-71.10733795166016,26.799999237060547,0.7699999809265137,4,326315.78125,4686126.5,223740.0,19,T
1677019061.1297202,578,223741,0,GPS1_Frame,42.30801773071289,-71.10733795166016,26.799999237060547,0.7699999809265137,4,326315.75,4686126.5,223741.0,19,T
1677019062.1006882,579,223742,0,GPS1_Frame,42.30801773071289,-71.10733795166016,26.799999237060547,0.7699999809265137,4,326315.78125,4686126.5,223742.0,19,T
1677019063.1197786,580,223743,0,GPS1_Frame,42.30801773071289,-71.10733795166016,26.799999237060547,0.7699999809265137,4,326315.75,4686126.5,223743.0,19,T
1677019064.0971959,581,223744,0,GPS1_Frame,42.30801773071289,-71.10733795166016,26.799999237060547,0.7699999809265137,4,326315.78125,4686126.5,223744.0,19,T
1677019065.1287324,582,223745,0,GPS1_Frame,42.30801773071289,-71.10733795166016,26.799999237060547,0.7699999809265137,4,326315.78125,4686126.5,223745.0,19,T
1677019066.1006703,583,223746,0,GPS1_Frame,42.30801773071289,-71.10733795166016,26.799999237060547,0.7400000095367432,4,326315.78125,4686126.5,223746.0,19,T
1677019067.128835,584,223747,0,GPS1_Frame,42.30801773071289,-71.10733795166016,26.799999237060547,0.7400000095367432,4,326315.78125,4686126.5,223747.0,19,T
1677019068.1016994,585,223748,0,GPS1_Frame,42.30801773071289,-71.10733795166016,26.799999237060547,0.7400000095367432,4,326315.78125,4686126.5,223748.0,19,T
1677019069.125633,586,223749,0,GPS1_Frame,42.30801773071289,-71.10733795166016,26.799999237060547,0.7699999809265137,4,326315.78125,4686126.5,223749.0,19,T
1677019070.0977583,587,223750,0,GPS1_Frame,42.30801773071289,-71.10733795166016,26.799999237060547,0.7400000095367432,4,326315.78125,4686126.5,223750.0,19,T
1677019071.1256564,588,223751,0,GPS1_Frame,42.30801773071289,-71.10733795166016,26.799999237060547,0.7400000095367432,4,326315.78125,4686126.5,223751.0,19,T
1677019072.1027224,589,223752,0,GPS1_Frame,42.30801773071289,-71.10733795166016,26.799999237060547,0.7400000095367432,4,326315.78125,4686126.5,223752.0,19,T
1677019073.1276252,590,223753,0,GPS1_Frame,42.30801773071289,-71.10733795166016,26.799999237060547,0.7699999809265137,4,326315.75,4686126.5,223753.0,19,T
1677019074.1004913,591,223754,0,GPS1_Frame,42.30801773071289,-71.10733795166016,26.799999237060547,0.7699999809265137,4,326315.75,4686126.5,223754.0,19,T
1677019075.128747,592,223755,0,GPS1_Frame,42.30801773071289,-71.10733795166016,26.799999237060547,0.7699999809265137,4,326315.78125,4686126.5,223755.0,19,T
1677019076.0986543,593,223756,0,GPS1_Frame,42.30801773071289,-71.10733795166016,26.799999237060547,0.7699999809265137,4,326315.78125,4686126.5,223756.0,19,T
1677019077.1246622,594,223757,0,GPS1_Frame,42.30801773071289,-71.10733795166016,26.799999237060547,0.7699999809265137,4,326315.78125,4686126.5,223757.0,19,T
1677019078.1006792,595,223758,0,GPS1_Frame,42.30801773071289,-71.10733795166016,26.799999237060547,0.7699999809265137,4,326315.78125,4686126.5,223758.0,19,T
1677019079.1256757,596,223759,0,GPS1_Frame,42.30801773071289,-71.10733795166016,26.799999237060547,0.7400000095367432,4,326315.78125,4686126.5,223759.0,19,T
1677019080.1016963,597,223800,0,GPS1_Frame,42.30801773071289,-71.10733795166016,26.799999237060547,0.7400000095367432,4,326315.78125,4686126.5,223800.0,19,T
1677019081.1227398,598,223801,0,GPS1_Frame,42.30801773071289,-71.10733795166016,26.799999237060547,0.7699999809265137,4,326315.78125,4686126.5,223801.0,19,T
1677019082.097796,599,223802,0,GPS1_Frame,42.30801773071289,-71.10733795166016,26.799999237060547,0.7699999809265137,4,326315.78125,4686126.5,223802.0,19,T
1677019083.1277122,600,223803,0,GPS1_Frame,42.30801773071289,-71.10733795166016,26.799999237060547,0.7400000095367432,4,326315.78125,4686126.5,223803.0,19,T
1677019084.0998137,601,223804,0,GPS1_Frame,42.30801773071289,-71.10733795166016,26.799999237060547,0.7400000095367432,4,326315.78125,4686126.5,223804.0,19,T
1677019085.1306849,602,223805,0,GPS1_Frame,42.30801773071289,-71.10733795166016,26.799999237060547,0.7400000095367432,4,326315.78125,4686126.5,223805.0,19,T
1677019086.104727,603,223806,0,GPS1_Frame,42.30801773071289,-71.10733795166016,26.799999237060547,0.8100000023841858,4,326315.78125,4686126.5,223806.0,19,T
1677019087.125937,604,223807,0,GPS1_Frame,42.30801773071289,-71.10733795166016,26.799999237060547,0.8100000023841858,4,326315.78125,4686126.5,223807.0,19,T
1677019088.0987153,605,223808,0,GPS1_Frame,42.30801773071289,-71.10733795166016,26.799999237060547,0.8100000023841858,4,326315.78125,4686126.5,223808.0,19,T
1677019089.1316907,606,223809,0,GPS1_Frame,42.30801773071289,-71.10733795166016,26.799999237060547,0.8100000023841858,4,326315.78125,4686126.5,223809.0,19,T
1677019090.0946171,607,223810,0,GPS1_Frame,42.30801773071289,-71.10733795166016,26.799999237060547,0.8100000023841858,4,326315.78125,4686126.5,223810.0,19,T
1677019091.1246321,608,223811,0,GPS1_Frame,42.30801773071289,-71.10733795166016,26.799999237060547,0.7699999809265137,4,326315.78125,4686126.5,223811.0,19,T
1677019092.100669,609,223812,0,GPS1_Frame,42.30801773071289,-71.10733795166016,26.799999237060547,0.7699999809265137,4,326315.78125,4686126.5,223812.0,19,T
1677019093.1366596,610,223813,0,GPS1_Frame,42.30801773071289,-71.10733795166016,26.799999237060547,0.8100000023841858,4,326315.78125,4686126.5,223813.0,19,T
1677019094.103656,611,223814,0,GPS1_Frame,42.30801773071289,-71.10733795166016,26.799999237060547,0.8100000023841858,4,326315.78125,4686126.5,223814.0,19,T
1677019095.1262221,612,223815,0,GPS1_Frame,42.30801773071289,-71.10733795166016,26.799999237060547,0.7699999809265137,4,326315.78125,4686126.5,223815.0,19,T
1677019096.1030207,613,223816,0,GPS1_Frame,42.30801773071289,-71.10733795166016,26.799999237060547,0.7699999809265137,4,326315.78125,4686126.5,223816.0,19,T
1677019097.130675,614,223817,0,GPS1_Frame,42.30801773071289,-71.10733795166016,26.799999237060547,0.7699999809265137,4,326315.78125,4686126.5,223817.0,19,T
1677019098.103702,615,223818,0,GPS1_Frame,42.30801773071289,-71.10733795166016,26.799999237060547,0.8700000047683716,4,326315.78125,4686126.5,223818.0,19,T
1677019099.1236815,616,223819,0,GPS1_Frame,42.30801773071289,-71.10733795166016,26.799999237060547,0.9399999976158142,4,326315.78125,4686126.5,223819.0,19,T
1677019100.1027095,617,223820,0,GPS1_Frame,42.30801773071289,-71.10733795166016,26.799999237060547,0.9399999976158142,4,326315.78125,4686126.5,223820.0,19,T
1677019101.1306376,618,223821,0,GPS1_Frame,42.30801773071289,-71.10733795166016,26.799999237060547,0.8700000047683716,4,326315.78125,4686126.5,223821.0,19,T
1677019102.1015656,619,223822,0,GPS1_Frame,42.30801773071289,-71.10733795166016,26.799999237060547,0.8700000047683716,4,326315.78125,4686126.5,223822.0,19,T
1677019103.1306667,620,223823,0,GPS1_Frame,42.30801773071289,-71.10733795166016,26.799999237060547,0.7699999809265137,4,326315.78125,4686126.5,223823.0,19,T
1677019104.104697,621,223824,0,GPS1_Frame,42.30801773071289,-71.10733795166016,26.799999237060547,0.7699999809265137,4,326315.78125,4686126.5,223824.0,19,T
